Age,Annual_Income,Spending_Score,Monthly_Visits,Discount_Applied,Satisfaction_Rating,Churn
43,85593.55436586002,30,10,0,4,0
36,72446.33682912769,95,11,0,5,0
45,74596.30369920174,75,2,1,5,0
56,80730.63222294426,99,5,1,1,0
35,68982.2331361359,72,5,0,5,0
35,65934.8538542175,3,6,1,1,1
56,96151.93220027733,14,12,1,5,0
47,82751.7180168197,60,5,1,2,0
32,68895.52715319335,77,7,1,3,0
44,67447.64788439432,45,7,0,1,1
32,71573.94065634326,96,13,1,1,0
32,60375.996046923996,34,9,1,4,0
40,88752.60872625266,45,8,0,5,0
18,34708.12181910432,61,8,0,3,0
18,58959.63803165249,83,4,0,4,0
31,59179.10783462648,16,10,0,4,0
25,43485.819963855516,66,13,1,2,0
41,64361.141659456785,40,6,1,1,0
27,49196.5269180568,17,9,0,1,0
21,49441.65946401916,34,9,1,3,0
55,91228.354880355,16,9,1,2,0
35,56262.99996061421,60,3,0,1,0
38,65356.45407739017,66,8,0,2,0
20,65422.70358611864,66,9,0,1,0
31,74475.43170100711,90,7,0,5,0
39,71163.23669674032,13,6,0,1,1
24,49180.034781682,56,4,0,3,0
42,71600.31326718262,31,16,1,3,0
30,62135.17972730417,34,11,1,3,0
34,50572.07434801594,39,9,0,1,0
30,53426.23462576655,67,7,0,2,0
60,75314.15926122411,8,13,1,1,0
37,68392.2312260528,87,4,1,3,0
25,56471.959397027415,78,10,1,2,0
47,71568.13537700626,55,8,1,3,0
23,63339.86763290033,27,8,0,4,0
40,55742.34336997659,93,5,0,3,0
18,26956.251197901798,53,9,1,3,0
22,48644.51818559972,39,5,0,3,0
40,78470.98302612154,65,6,1,4,0
46,92039.27691457869,17,8,1,2,0
40,63411.157371310605,30,5,1,4,0
36,73986.80833431295,53,13,0,4,0
34,60414.91530499293,13,11,1,3,0
20,42273.7270005918,21,9,1,2,0
29,63636.599374866724,19,6,0,3,0
32,64923.2287841342,53,9,0,1,0
50,64236.078430157504,19,9,1,1,0
42,85165.40349725896,57,3,1,1,0
18,55400.91354147452,25,7,1,2,0
41,62944.37298490471,86,8,0,3,0
33,63558.035334374086,31,8,1,4,0
29,59740.301862827386,81,7,1,2,0
45,76606.73765823907,55,6,1,5,0
50,74496.9484615458,23,5,1,5,0
49,72083.76632061948,32,10,1,5,0
27,52144.45929008555,62,5,1,4,0
34,72527.29019259365,74,8,0,3,0
41,74636.00154594432,10,8,1,1,1
49,75093.85667913895,72,8,1,3,0
32,66116.98710648344,54,6,0,3,0
35,33514.573793699245,52,8,1,4,0
24,60287.65700372103,20,7,1,5,0
23,30202.862212219003,32,10,0,3,0
47,72775.59058596868,14,7,0,2,1
54,73603.30105373856,50,8,1,2,0
37,51453.18524279094,28,9,0,1,0
50,91608.2678737852,53,8,1,3,0
42,65722.98798688108,24,6,0,3,0
30,59465.038817307155,79,9,1,4,0
42,69930.79421120815,22,7,0,3,0
56,91970.40827223122,30,8,0,5,0
37,65168.218910602554,63,11,1,3,0
56,74370.0777581143,4,7,1,4,1
18,51562.6681944714,77,9,0,1,0
47,71462.43416838687,59,8,0,5,0
39,51234.181013402485,87,6,1,4,0
34,56518.84839034088,8,6,1,2,0
39,81807.59790634312,82,14,1,2,0
18,50102.21742113493,12,12,1,5,0
35,58513.47865592141,31,5,1,1,0
42,66907.42295681572,78,12,1,3,0
55,82783.64948782617,34,8,1,2,0
31,77967.4798356084,82,7,1,4,0
28,57419.35452231554,98,4,0,4,0
31,61500.41647191069,75,5,0,3,0
48,87902.83454031842,76,5,0,3,0
41,71587.89159026514,49,4,0,5,0
31,54609.57854179297,79,7,0,4,0
44,70836.50150915021,57,9,1,5,0
39,66083.98740585936,95,7,1,3,0
49,78427.77763490158,93,6,1,2,0
29,62076.29543636979,26,7,0,3,0
34,61319.45885807299,18,4,0,4,0
33,66926.40077215579,96,9,1,1,0
20,43192.83419891418,86,10,0,2,0
41,69986.3519031609,38,11,1,1,0
41,49217.99315467892,81,11,1,3,0
38,74763.27674702482,87,8,0,4,0
35,65464.884758979926,88,10,0,1,0
21,55180.101098596526,50,9,1,4,0
32,29437.44621806311,8,8,1,5,0
33,80483.74704780728,41,3,1,2,0
28,52204.10371844826,6,5,1,4,0
36,74281.82816737516,69,7,0,5,0
42,60000.940728744696,44,7,1,5,0
60,98127.73905062569,64,8,0,2,0
40,57465.84436826344,29,5,0,1,0
41,62962.310393041946,28,7,1,1,0
37,83540.31353866786,11,7,1,4,0
18,39693.17599236654,65,7,0,4,0
37,66574.32873179723,19,7,0,4,0
38,74300.67730688755,9,10,0,2,0
67,105356.81887972605,27,7,0,2,1
35,63504.189051435766,34,9,0,3,0
41,72849.61002466225,44,7,1,3,0
37,88434.15585238276,68,5,1,4,0
23,47023.81202966414,82,8,1,3,0
51,83210.99046714968,15,12,1,2,0
47,86906.54396007612,51,4,1,2,0
47,87455.25932957983,13,9,1,2,0
27,64270.3030556038,83,7,1,2,0
54,91187.30222029185,49,9,0,1,1
21,33769.95087269516,70,10,1,2,0
45,90334.31532301096,56,6,1,1,0
64,85336.54606981312,76,11,1,2,0
26,54226.354652390335,51,6,1,4,0
31,49657.24149980642,37,9,1,2,0
39,66158.61653407008,17,9,1,4,0
31,60487.6241030348,58,7,0,4,0
19,46013.57215450273,87,7,1,3,0
38,69819.20754235284,90,8,0,5,0
25,66137.11269058648,29,12,0,1,0
43,76135.3430151398,33,7,0,4,0
26,48758.43364709351,60,4,1,5,0
56,96840.87168288357,91,7,0,5,0
28,65494.70488924641,89,7,1,2,0
34,48523.921848630074,55,7,0,2,0
47,82374.00069849858,10,5,1,2,1
23,54611.72742310898,47,7,1,3,0
40,65024.364966400084,23,6,0,4,0
53,97357.06813311619,85,7,0,2,0
18,40099.44412967473,21,7,1,3,0
40,69255.76453471542,13,11,1,4,0
41,67469.28175716131,33,10,1,3,0
47,76555.79047581468,24,8,0,5,0
23,36637.24913104798,11,11,1,4,0
22,31999.491174057057,17,7,1,1,0
44,88745.05063224972,68,11,0,3,0
41,60730.386516816725,47,4,1,2,0
41,59286.076505436926,25,6,0,3,0
42,48866.09886396285,94,8,1,5,0
29,48410.38252310498,73,12,1,5,0
40,54769.10206592502,21,6,0,3,0
41,85620.15160136369,84,6,0,2,0
29,64898.170893426344,83,8,0,2,0
60,85118.49654822276,83,10,1,3,0
43,94124.35805344308,12,9,1,1,0
23,57417.65486991595,37,13,1,3,0
45,70751.68616491377,42,8,1,1,0
26,26205.94285126427,17,11,0,2,0
47,99309.42572590742,48,10,1,2,0
51,67304.27533236404,28,11,1,5,0
28,37146.01253043108,41,13,1,4,0
49,89025.70432009641,99,6,0,2,0
42,94797.52406339273,47,12,0,1,0
47,90242.72818510518,18,7,1,3,0
60,97639.0912005236,78,9,1,2,0
35,67947.54341665286,99,5,0,3,0
28,62134.15558780308,71,8,1,4,0
27,59989.28589786765,13,10,1,3,0
28,56411.91423969375,82,9,0,3,0
37,65442.011039518766,13,2,1,3,1
42,69774.06872100478,31,8,1,5,0
41,61660.35411133324,2,7,0,5,0
47,73593.24923133226,16,4,1,3,0
38,48670.43185804614,9,8,1,2,0
55,85016.60373205249,73,13,1,3,0
34,50914.088928490826,38,5,0,2,0
70,92964.10682784229,75,4,0,3,0
45,75798.94151153478,54,9,1,3,0
27,66320.02286344599,56,4,0,1,0
25,59183.166060023126,86,6,1,2,0
43,55894.993963768226,97,8,0,3,0
35,52103.71863429662,87,11,0,5,0
46,84607.71187988216,45,8,1,3,0
43,61775.1260646169,34,4,1,4,0
37,62153.66850002976,9,6,1,2,0
27,57900.52099024552,88,9,0,3,0
19,33116.555451363645,8,9,1,3,0
32,59453.7550614596,7,6,0,4,0
48,64259.74505081795,36,10,1,1,0
40,61986.323560487865,18,6,1,3,0
23,50797.81934142537,3,4,0,2,1
40,52070.06266468331,28,4,1,2,1
42,74804.74737960398,70,8,0,5,0
27,52203.62201073319,44,9,1,2,0
39,72324.89954417148,21,10,1,2,0
38,67839.14134064662,28,13,1,3,0
24,62441.40429973844,54,11,1,5,0
42,71652.24502647907,54,8,0,3,0
44,68505.94458874747,65,11,0,4,0
50,81222.97503032284,21,1,0,5,0
50,85432.98029036388,99,14,1,2,0
21,45688.60070325704,13,10,1,3,0
26,51605.916912038825,57,9,0,3,0
44,65780.08312193245,49,10,1,4,0
44,66170.99082449052,54,6,0,1,0
44,58773.947282003064,10,12,0,2,0
70,121495.76743186939,53,6,1,4,0
44,60361.36764608715,44,11,1,3,0
51,74270.94802204093,47,7,1,3,0
49,71615.92734430803,53,7,0,3,0
45,82949.24376944441,74,7,1,2,0
34,57850.50321707972,46,3,0,3,0
47,88877.42072673734,13,5,0,3,1
28,46865.09375756131,37,7,1,5,0
35,64789.941622238024,24,14,1,2,0
32,50046.529467402426,2,9,0,5,0
38,87051.49127773388,86,4,0,3,0
65,86124.01580970487,81,12,1,1,0
18,44698.20710227027,14,9,0,4,0
46,81537.76880932099,10,5,1,1,1
18,45737.99097451498,35,5,1,5,0
32,56547.123411222914,25,7,0,5,0
51,79901.79300266574,3,13,1,2,0
38,66038.1147197911,17,10,1,2,0
25,48529.979983715115,12,10,0,3,0
29,64438.79116794909,54,5,1,3,0
46,97305.23001591352,24,7,0,3,0
29,49225.08214992167,29,5,1,2,0
40,54301.970204209225,43,11,0,3,0
38,64717.17951648745,25,7,1,2,0
30,81797.09337654318,60,9,0,4,0
63,87563.25432030269,90,7,0,4,0
45,90391.16805444067,65,8,1,3,0
18,58377.0081407644,84,6,0,5,0
40,62464.11758292005,28,2,0,2,1
30,61689.83079185276,16,6,0,1,1
48,93883.96623128538,47,6,0,3,0
28,49808.72259012513,81,12,1,3,0
36,61164.19639897638,92,5,1,3,0
44,66983.19086051357,58,5,0,5,0
48,67452.43269307133,76,6,1,5,0
23,41107.224549339924,27,6,1,3,0
33,47360.59733237744,53,9,1,4,0
32,58740.83468259226,42,12,0,1,0
30,48300.26768941358,59,10,1,2,0
59,93137.85911790747,47,5,1,4,0
42,54841.04353796373,94,10,1,3,0
22,49708.80232214457,34,12,1,3,0
49,87135.28961608926,37,4,0,2,0
63,75662.64357428544,6,8,1,3,0
50,83740.56569847572,7,8,1,2,1
19,55076.68992473292,96,7,1,3,0
32,46303.58981308794,96,6,0,2,0
53,100325.72386837704,25,6,1,1,0
29,58990.19009366045,33,8,1,2,0
43,64549.88144241591,55,9,1,2,0
47,75842.30922342294,58,11,1,5,0
26,56783.26912521722,7,11,1,1,0
37,65160.05391412412,57,6,0,2,0
18,46987.55992446369,12,8,1,3,0
25,40793.264069206336,16,10,0,3,0
34,62493.60824036078,80,6,1,1,0
23,33462.8550309502,43,7,0,1,0
57,87287.739386513,77,6,1,5,0
20,34960.9235853521,7,8,1,4,0
32,51044.70057410233,51,8,1,3,0
39,79160.93175210437,73,13,0,3,0
55,96913.10120594269,32,5,1,2,0
20,50091.38120907177,75,9,0,2,0
51,70276.87235327422,8,8,0,3,0
38,62435.915503051976,97,11,0,5,0
26,63330.976999791834,87,7,1,2,0
43,73017.16913639905,89,8,1,4,0
40,91193.29539981694,72,4,1,1,0
30,59933.178393943715,45,7,1,2,0
38,67520.49116490032,86,8,0,1,0
33,56508.83535797498,59,12,1,1,0
39,68135.40904782282,4,8,0,5,0
45,72475.30163619456,67,7,0,3,0
57,95481.08676688591,29,9,0,1,0
23,57167.02316794584,29,9,1,5,0
63,87740.10539492051,98,10,1,5,0
18,28287.67046442222,98,4,0,4,0
36,44837.94626896703,28,5,1,5,0
45,79079.91326912543,77,10,1,2,0
41,58166.33393826126,79,13,0,4,0
30,34471.09407047517,87,13,1,4,0
35,65885.78604530964,44,7,1,5,0
32,83329.99517432791,90,8,1,4,0
30,55939.29088460107,4,6,1,2,0
48,85984.90774451641,90,10,1,4,0
42,71218.29358547565,9,8,0,2,1
29,53811.10346808858,5,5,1,2,0
48,86790.76482987768,56,10,1,1,0
41,66297.25455811349,96,13,0,5,0
47,79073.92314071904,84,3,1,2,0
45,77216.97806196014,50,10,1,3,0
28,46919.09546356951,75,1,0,3,0
31,67120.42349536522,15,5,1,5,0
46,73450.4024330459,32,10,1,2,0
45,66442.54840507155,28,13,0,4,0
37,69765.09843570404,22,11,0,5,0
39,57815.32018208963,17,6,0,3,0
53,83881.81157369129,59,9,1,3,0
30,55908.810033557966,90,11,1,4,0
44,83658.95565831578,71,8,1,5,0
35,66746.98232879952,57,6,0,4,0
35,61749.73041254856,26,4,0,2,1
51,89377.66299200288,25,10,0,5,0
47,90302.07549017313,10,13,1,3,0
47,81978.10306351862,45,6,1,3,0
53,83703.5261984338,83,6,1,4,0
38,52481.6376764984,11,8,0,2,0
46,64548.863369246275,77,8,1,4,0
34,57747.752956453325,53,10,1,3,0
41,63104.87797840717,72,7,0,5,0
36,61330.286970145535,68,8,1,2,0
39,67366.49924897107,95,8,0,3,0
45,79296.9275435673,28,13,0,4,0
28,52895.01221940909,75,8,0,1,0
63,100465.01643826201,65,6,1,1,0
25,50644.74414810121,49,9,1,5,0
23,27845.33433646129,47,6,0,2,0
51,71806.64606181245,52,7,0,5,0
47,74959.12444278385,88,6,1,2,0
45,61903.05257158892,54,12,1,3,0
45,79999.28729996204,60,4,1,4,0
37,79707.50832343698,57,7,0,4,0
27,64587.61851697317,47,6,0,3,0
38,63465.57129069792,31,10,0,3,0
29,69707.26136849952,46,3,0,4,0
49,80286.67457202112,26,7,1,2,0
36,59829.1402888196,5,6,1,3,1
28,47465.9733645906,84,7,1,2,0
34,57775.30313511872,52,5,1,3,0
42,66518.2318145877,75,10,0,2,0
31,58904.16222375487,54,8,0,2,0
28,55205.73981049865,33,6,1,3,0
40,68030.46020153415,50,7,0,1,0
40,72369.3816974635,38,6,0,1,0
31,69106.4627478634,27,14,0,4,0
32,67895.54135441323,98,9,0,3,0
40,53151.020315500966,15,7,0,5,0
20,20000.0,96,8,1,4,0
21,54543.19911239274,61,8,1,1,0
29,41131.21301584579,21,12,0,3,0
35,59752.345981073166,46,10,0,1,0
41,57498.86973940641,69,11,1,4,0
55,67980.1956241998,6,9,0,5,0
48,83014.62728204788,38,5,0,3,0
36,70791.55160302647,62,6,0,4,0
37,58634.89599273281,86,8,0,2,0
25,24089.5770785509,62,6,1,3,0
37,58937.55551747517,82,10,1,5,0
34,64718.04005402546,78,10,0,2,0
41,54410.88431225871,74,7,0,2,0
28,55433.599197791555,46,8,0,3,0
44,72646.90150827005,13,12,0,4,0
56,92992.91499601089,95,8,1,3,0
36,64395.80368414153,94,8,1,5,0
42,60669.31059118445,3,12,1,1,1
46,87165.71501664491,94,5,1,3,0
33,58014.7042697303,6,6,1,4,0
40,67726.95460490067,93,9,1,2,0
38,56267.32040926804,8,8,0,4,0
39,62367.1774880849,44,13,0,2,0
28,44751.97285973099,33,5,1,1,0
38,63870.539400765774,81,8,0,1,0
43,88717.08480142344,75,4,1,5,0
55,72280.98857068643,77,3,1,3,0
49,62664.38602123259,50,13,1,4,0
63,110311.7032749361,11,6,0,2,1
28,51506.76322848134,95,7,1,3,0
48,70909.27261340083,28,10,0,3,0
40,78399.04687396076,70,7,1,5,0
64,90743.84460263136,41,8,0,4,0
28,71860.09713546936,16,8,1,4,0
27,59179.258713392686,68,7,1,1,0
30,51120.885918542976,99,8,1,3,0
18,63173.082132655036,48,8,1,3,0
31,51142.850769966615,56,9,1,5,0
28,61020.95372009307,64,6,1,2,0
39,69792.92580406491,59,8,1,2,0
42,83417.41289398799,90,11,0,3,0
60,107615.11196726853,62,12,1,2,0
49,79120.04149065766,76,7,1,1,0
31,49665.82129653817,11,9,1,5,0
27,56999.72142939117,89,6,0,3,0
43,64822.84630247894,18,9,1,5,0
22,66533.87247526622,19,5,0,4,0
59,92165.35331082737,87,13,0,2,0
52,78746.78448687891,55,12,1,3,0
32,60246.803058649086,82,8,0,1,0
18,28128.737104703036,26,8,0,5,0
54,75083.85961489349,6,5,1,3,0
36,75204.13907944426,4,9,0,3,0
52,75831.05721028605,29,3,0,2,1
18,31130.890173180604,59,8,0,3,0
30,61366.52752527286,98,10,1,2,0
38,77457.04154662997,17,8,1,3,0
38,72789.53310665066,43,13,1,4,0
32,68360.47685805816,80,3,0,4,0
45,66432.0491143054,66,9,0,2,0
25,35781.89333258156,34,4,0,3,0
36,78213.33651955487,8,12,1,5,0
39,63573.20161157864,13,8,1,1,0
44,70291.66983544953,8,6,0,5,0
46,88481.94141849058,94,8,0,2,0
24,54362.3000940066,96,8,0,4,0
19,47358.877720816075,94,7,1,3,0
53,105250.02344901084,65,9,1,3,0
41,62764.817696198574,43,9,1,5,0
29,64078.40128081237,39,6,1,1,0
56,87770.13124897084,81,5,1,2,0
39,69485.92278863257,59,7,0,3,0
52,97684.68426412532,84,8,0,4,0
38,70678.35756289624,88,8,1,2,0
62,99782.96079049633,86,7,1,4,0
59,101525.07337309801,93,8,1,3,0
35,58350.47270457115,86,5,1,2,0
49,70407.90332660993,44,12,1,4,0
45,63551.90805978967,9,7,1,1,1
54,65136.43410623998,37,10,1,3,0
26,71762.07129940322,74,5,1,1,0
46,64167.916342783166,36,8,0,3,0
50,77787.46376414227,92,6,1,3,0
18,38831.86700111079,28,6,1,3,0
23,50674.06697809101,42,11,0,3,0
18,49757.37212539297,43,10,1,3,0
34,69404.73488359746,85,9,1,2,0
46,69369.22561431062,88,9,0,3,0
56,85528.78286213588,42,9,1,5,0
38,68425.799504883,66,5,0,5,0
57,85913.08873816453,55,11,1,1,0
21,61273.455760199926,72,7,1,1,0
18,46509.749516382515,48,6,0,5,0
37,71748.77786049817,91,5,0,3,0
42,77028.81268667412,22,10,1,3,0
37,76134.73857485325,27,8,0,4,0
18,43410.21558703707,93,10,0,2,0
36,50231.680520441536,67,9,1,3,0
22,50396.87951752642,13,10,0,5,0
46,68686.43106208171,45,9,0,4,0
42,65113.833182502436,10,9,1,2,0
26,57063.64018755093,9,11,1,1,0
31,69582.83071433636,54,10,1,2,0
25,50212.71576736061,27,7,1,4,0
37,67488.33012598964,34,9,0,2,0
49,95822.14944635238,1,9,0,1,0
26,53607.53179488568,32,2,0,5,0
44,98816.83114180395,89,11,1,2,0
31,62855.09645631544,93,9,1,1,0
28,35992.37240844182,71,5,1,2,0
36,70733.41621104532,67,2,1,2,0
25,53811.58384882778,84,6,1,3,0
31,70097.52754082746,20,6,0,5,0
23,54331.813512699584,94,6,1,5,0
61,91815.44016016227,35,8,0,3,0
38,53357.01763710634,99,7,0,3,0
29,52709.76742713975,91,7,1,3,0
40,59494.795457907,90,6,1,2,0
36,57394.765501952774,78,8,1,1,0
35,67885.7840442061,17,9,1,5,0
45,90699.04504351407,18,8,0,2,0
47,80346.71529822981,45,7,1,2,0
31,45241.169379648156,93,12,1,3,0
31,61646.02668220141,84,8,0,3,0
34,72766.31486645651,53,6,1,1,1
18,35502.17095680618,91,9,1,1,0
19,41459.82833327082,82,7,1,3,0
54,84946.88194729197,68,8,1,4,0
57,80551.0168691776,65,9,1,2,0
35,68482.80433843858,1,7,1,3,1
44,71590.51851392219,58,7,0,3,0
41,73395.32443907027,26,6,0,5,0
70,95125.078221979,20,7,0,2,1
51,76825.4169967659,87,10,0,1,0
36,70423.81357827771,10,10,1,3,0
26,47471.668479082335,59,7,1,4,0
18,58869.63851233405,75,10,0,1,0
40,64003.638143853976,41,6,0,3,0
28,55846.847257518864,5,8,0,1,1
20,53325.9083187309,65,7,1,1,0
30,41816.342670669685,17,7,1,3,0
25,32391.91188019224,22,8,1,2,0
58,74343.43685429906,98,9,1,4,0
48,90225.84103427181,41,9,0,3,0
37,58881.41854107553,93,10,0,3,0
55,111581.99285668253,68,7,0,3,0
38,59957.52401342611,69,4,0,3,0
27,54245.513031970375,11,6,1,1,1
56,102621.09952567876,56,7,1,5,0
44,92860.92888159123,51,6,1,5,0
25,70615.03576636397,21,10,1,2,0
35,74083.66230593142,99,7,0,1,0
27,62640.625258114625,76,15,0,1,0
21,51125.26949201183,26,5,1,4,0
49,86583.61076166638,19,5,1,4,0
60,86488.14283671466,60,6,0,4,0
21,37018.01116577693,71,8,1,4,0
44,72766.25542589047,47,13,1,3,0
30,54298.15377475072,71,8,1,3,0
32,53867.71950672725,26,6,1,4,0
30,62963.87447456716,40,13,1,3,0
27,61953.05208570511,5,5,1,3,0
38,66484.06886291847,21,7,1,3,0
28,68375.30081055261,78,6,1,3,0
41,57783.10885866495,4,6,0,3,0
37,62463.40540720282,23,7,1,3,0
35,54831.77679397195,84,8,0,4,0
27,33734.6338292694,15,6,0,3,0
31,56373.19314157301,93,9,1,3,0
47,75182.52491616717,8,7,1,4,0
44,87934.49743242131,41,6,0,3,0
26,57508.116845547775,19,6,0,2,0
39,56558.13175670795,46,6,0,1,0
47,94940.92566334188,28,5,1,3,1
18,53810.33695525353,91,7,0,3,0
44,78620.97703468616,68,4,0,5,0
30,53735.15901150168,15,12,1,3,0
44,63205.607632765204,99,6,0,3,0
28,49877.93223928947,37,10,1,2,0
18,52487.48619704186,1,4,1,1,1
18,60445.86305934609,67,8,0,4,0
38,81032.43528272188,24,2,1,2,1
41,64311.50578213726,27,6,1,3,1
27,41203.825667109886,40,9,1,4,0
45,75408.86246911203,63,6,1,3,0
18,23915.606344371485,61,10,0,5,0
37,67631.67714184782,36,6,1,3,0
23,46123.97413701331,98,8,1,2,0
30,51339.63498131758,93,3,0,5,0
38,49652.969327332044,24,5,0,5,0
27,57536.001065697164,24,11,0,2,0
33,54272.991603380884,4,9,0,1,1
50,68300.83164289712,67,7,1,1,0
31,28477.377867183506,34,8,0,2,0
48,77324.85094949364,57,4,0,5,0
24,66522.51596669744,49,12,1,3,0
44,89412.5921454787,87,11,0,3,0
55,81429.03743413728,53,6,1,5,0
18,35577.879396382195,23,9,1,3,0
28,58287.74256075024,69,14,0,2,0
44,62816.14560811708,95,8,1,5,0
35,65017.918998194655,53,8,1,4,0
42,78060.8027838469,62,6,0,4,0
30,68269.33223884308,41,8,0,3,0
39,65798.45923520047,57,6,1,4,0
36,61163.26249823034,60,11,1,2,0
52,73620.17413243439,54,5,1,3,0
41,60931.1964596014,70,12,0,5,0
42,68135.21108098474,57,9,1,2,0
33,63273.65506816178,10,11,1,4,0
32,67535.84626233249,40,6,1,3,0
32,50368.21049319655,7,9,1,1,1
42,85326.88568959522,38,9,1,4,0
32,55688.76398957431,85,9,1,2,0
41,68986.32705651564,61,9,1,3,0
62,86927.88320852176,84,7,1,1,0
48,53357.59739727058,3,5,0,5,0
34,69640.45396361049,51,2,1,2,0
52,89768.43897092433,86,9,1,2,0
33,56786.72442881786,47,6,0,1,1
18,42269.90717224872,68,7,1,5,0
25,55159.392177040994,92,4,0,4,0
18,25974.541431134574,76,9,1,4,0
33,54309.473226537055,38,8,1,3,0
38,73542.64679621827,36,10,0,3,0
58,77057.1057683075,41,9,1,1,0
41,72135.5793216663,69,9,0,3,0
35,48434.18195376595,13,2,1,2,1
47,81064.29982433526,87,6,1,5,0
18,41243.58517702516,58,7,0,4,0
40,51848.681840944904,50,7,0,3,0
47,88047.3935445717,30,9,0,2,1
20,36654.08423201951,62,6,1,4,0
51,73097.47562985618,25,6,1,1,1
42,72405.69197230943,27,10,0,2,0
33,71086.37349428715,51,10,0,2,0
45,63841.78181021603,78,12,0,3,0
65,98616.79849847971,57,8,1,4,0
40,72288.16500330574,47,5,1,2,0
40,74931.05607263144,39,8,0,1,0
32,60164.41555277225,16,8,1,3,0
27,48729.72160916678,22,8,0,4,0
47,68124.0977935128,85,14,1,2,0
27,53261.43883046375,54,2,1,2,0
38,54878.60988014393,21,7,1,5,0
32,29186.495165053926,72,7,1,5,0
43,75965.59804157668,16,5,1,5,0
42,79439.34841086195,59,7,1,4,0
50,56370.67564458161,31,8,1,2,0
31,47102.69295290062,42,8,0,2,0
34,66991.54261005198,74,12,0,2,0
26,71774.95469711699,32,4,0,2,1
32,58607.93707675408,59,6,1,5,0
42,63119.97058770865,34,8,0,4,0
47,74571.0355889516,9,9,0,4,0
26,64948.76419148185,81,6,1,2,0
48,71140.35820875465,11,11,0,5,0
54,76808.07993349747,96,6,1,4,0
42,65572.56477817967,10,9,1,2,0
60,82466.71391741288,86,12,1,5,0
28,54826.70315994795,17,7,1,2,0
23,63846.784584695604,68,14,1,1,0
18,44830.79273116029,48,6,1,4,0
55,83476.46497873712,52,9,0,4,0
45,71081.88731084456,25,8,1,1,0
37,48768.09191303343,21,10,0,2,0
41,78031.0977714716,65,9,0,5,0
24,48021.62802987198,63,5,1,4,0
67,98595.20086409374,89,7,0,4,0
39,98731.0756784486,51,10,0,2,0
39,69787.52908365686,36,6,0,1,0
46,67682.08949904816,81,7,0,2,0
43,67336.42403794457,88,8,0,2,0
40,79484.45709196755,66,6,0,2,0
28,54732.70410537765,15,5,1,2,1
43,57217.22021682633,96,7,1,3,0
60,101192.28934575204,39,4,0,2,0
54,78118.55914461006,70,12,1,4,0
57,107132.97776217546,1,12,0,2,0
31,68000.48065714649,23,9,0,3,0
26,46726.781043412484,39,7,0,1,0
36,76010.16361735112,57,5,1,3,0
38,66278.55510527403,81,5,1,1,0
51,89727.7367512222,34,7,1,5,0
18,46447.32817294475,41,6,1,4,0
56,78736.43345009127,93,7,1,3,0
36,56764.501676825384,73,9,1,1,0
32,68699.60817581162,13,8,1,3,0
25,46652.24667893459,70,6,0,4,0
18,37563.51536758003,6,9,0,2,0
47,66848.77420650647,84,8,1,3,0
38,69835.99065593461,52,5,1,4,0
22,67025.24919243145,3,9,0,4,0
22,35724.67085745727,81,6,0,4,0
33,59842.19456672758,63,8,1,5,0
58,103722.2055541543,49,6,1,5,0
34,60003.58608754285,76,7,0,3,0
19,47323.717962497336,47,8,1,3,0
35,51376.064718531205,55,5,1,4,0
34,65083.070972076486,64,8,1,4,0
18,39728.55734995451,65,5,1,5,0
37,74257.29995679863,81,9,1,1,0
35,73873.86051564751,67,11,0,3,0
46,101095.63642018614,90,8,0,2,0
60,97796.33173213576,15,6,1,2,1
51,84457.96316582167,32,11,1,2,0
34,62743.84301577336,96,7,0,4,0
24,45268.33707189312,68,10,1,1,0
68,104984.83843461692,18,8,1,4,0
38,62645.98589860971,83,9,0,4,0
38,67284.60976269614,43,7,0,2,0
37,77575.9753560796,35,7,0,2,0
40,57934.57434720359,78,12,1,3,0
36,74598.78561129046,58,3,1,4,0
31,70371.15067339866,33,6,1,5,0
31,56019.314730089216,14,9,1,5,0
37,43181.45100991405,34,8,1,5,0
31,51121.780129055674,61,8,1,3,0
29,67769.94546561109,4,7,1,5,0
39,66571.31937701118,88,9,1,4,0
34,50806.97767705089,59,11,1,5,0
56,82152.25078771783,29,8,0,1,0
18,50006.20026504553,83,7,1,5,0
51,86667.3356820138,6,8,0,3,1
52,80010.67900830306,97,15,1,4,0
18,37931.755881853125,49,14,1,1,0
33,55682.41850956178,40,10,0,3,0
33,50375.89815501498,83,6,0,2,0
21,61353.756894694416,65,13,1,2,0
28,50376.7953078866,69,4,1,1,0
24,60971.58520825497,27,4,0,4,0
59,106013.1605192245,80,7,1,1,0
49,88783.1089814796,6,10,0,2,0
53,79283.79687281951,13,13,0,2,0
46,79237.3009033661,64,6,0,3,0
24,48558.043936090835,62,10,0,2,0
31,48162.98139269872,99,5,1,2,0
43,74843.59281721603,19,11,1,3,0
23,35809.602088401974,76,6,1,4,0
46,87076.79388461565,80,8,1,1,0
35,57353.82702701607,43,4,0,2,0
33,61611.59655872839,74,8,1,2,0
46,78032.87871546143,89,9,0,5,0
43,69010.95026295923,20,11,1,3,0
33,65466.93801475275,95,8,1,3,0
51,76450.96343377476,68,8,0,2,0
25,58712.97297457244,44,9,1,3,0
45,60540.203197532515,23,13,0,1,0
45,75263.79579546412,2,10,0,1,0
34,80189.28999058285,22,9,0,3,0
41,59196.686753944254,57,8,0,3,0
22,39622.55029475148,72,7,0,1,0
49,83939.07849658915,7,12,0,4,0
35,63795.817819395976,78,2,1,5,0
31,60706.30099273559,56,6,0,3,0
50,84891.87130147664,67,6,1,3,0
29,61147.2146856177,16,6,1,5,0
21,56296.99841956223,83,13,1,4,0
19,46898.18656928513,51,6,0,3,0
45,71587.42345381458,82,6,0,4,0
22,53125.73701202731,80,9,1,1,0
59,109798.81934895215,72,8,1,3,0
18,40273.66253617426,97,14,1,2,0
58,79854.70695329359,12,6,0,2,1
40,79070.80669286972,53,4,1,3,0
36,61996.18836046402,75,9,0,1,0
31,35473.30453985964,5,7,1,4,0
42,78874.21677150422,27,8,1,3,0
37,59046.71814046077,12,8,0,3,0
51,80294.66717695839,17,10,1,1,1
39,70119.80330569015,6,6,0,1,1
39,68704.99679779066,97,4,1,3,0
33,66694.5181713904,5,10,1,5,0
37,60045.13629430157,57,10,1,1,0
41,74331.05798176082,28,5,0,2,0
18,39004.53322416083,78,7,0,5,0
21,52588.10480887503,69,8,1,1,0
46,81353.67484013054,59,4,1,5,0
40,58645.61297955405,33,7,1,3,0
35,72859.82116175033,62,12,0,3,0
38,60240.36554885952,50,8,0,2,0
42,78480.57798281145,19,6,1,2,0
31,60872.87313401341,86,5,1,2,0
28,71981.83676795123,69,8,1,5,0
40,65765.34017628148,66,9,1,4,0
26,47706.83203881803,94,4,1,4,0
42,70205.80394112268,47,9,0,4,0
18,38568.20217165725,39,6,0,2,0
50,87999.4190194205,68,11,1,3,0
43,55436.89391563412,33,9,1,3,0
41,58663.175808536456,13,8,1,4,0
49,68121.97078420807,84,8,1,2,0
57,97903.07591973575,54,7,0,3,0
50,97106.13372581925,7,7,0,5,0
18,40555.507814625285,79,7,1,3,0
22,44711.78276809989,87,7,1,1,0
30,56700.521631131815,14,12,1,3,0
38,77218.7830260819,87,11,1,2,0
44,63526.46865809426,19,7,1,4,0
29,57183.68982734785,54,4,0,5,0
40,77751.9762978243,93,14,1,3,0
28,58610.94169939845,20,10,1,3,0
30,57895.81616598743,29,11,1,4,0
21,55210.46092567141,24,5,1,1,0
26,24167.677070007627,82,13,0,2,0
21,51978.75319530908,63,8,0,5,0
26,44659.24316872576,74,5,0,4,0
50,61693.67103143543,57,7,0,1,0
26,56312.02599524981,8,8,1,2,0
69,116536.58545162958,90,10,1,4,0
43,70225.51485372309,62,5,1,4,0
40,77528.74547202939,29,5,1,4,0
27,68522.78257988645,74,4,0,2,0
46,88349.14453584047,17,5,1,5,0
31,73599.64529371393,66,12,0,3,0
39,74221.27491071893,6,2,0,4,0
68,102354.33638901592,58,7,1,3,0
36,47180.34188102832,69,9,1,1,0
51,78739.37511870051,28,9,1,5,0
29,46367.53404683808,62,7,0,1,0
37,86109.42717497813,41,10,1,2,0
59,89041.14187567664,69,8,0,4,0
30,57232.04806784486,82,10,0,3,0
59,96314.85376040467,90,10,1,4,0
46,75636.02446372453,84,3,1,3,0
31,74150.51040430753,41,4,1,3,0
45,67773.50638265548,49,7,1,5,0
49,80746.07455237242,91,7,1,1,0
45,66575.29414301952,49,8,1,5,0
19,29599.77488779294,76,4,1,2,0
29,48682.30909094715,71,9,1,4,0
35,61629.63202951588,3,13,1,1,1
37,60106.9777548274,10,8,1,3,0
45,67075.79020126144,98,9,0,5,0
40,53936.82536328166,89,10,1,3,0
21,44368.94427371305,35,5,1,4,0
42,55352.796259689974,80,6,0,4,0
45,81600.55963689603,2,5,1,4,0
44,73624.39752934503,24,10,0,5,0
50,65424.485005350696,74,7,1,3,0
48,74507.90922950137,38,9,1,2,0
43,64078.43594409417,22,11,0,1,0
37,67591.7451041918,26,7,1,2,0
18,55004.504460231445,43,8,1,1,0
43,52848.275303542556,55,9,1,3,0
40,69150.26079147417,39,9,0,2,0
41,67598.6720443336,91,5,1,1,0
22,53113.40076450466,29,10,1,1,0
25,52131.96628237689,20,8,1,4,0
50,72480.30668261182,91,11,1,3,0
37,61209.46064333382,41,8,1,3,0
46,67239.74143196511,54,5,1,5,0
38,76360.07138598598,20,9,1,1,0
38,65813.11648671943,19,9,0,5,0
49,97811.90685753008,84,9,1,3,0
31,56593.391861853794,99,5,1,2,0
39,59715.932330895375,66,10,1,4,0
32,43262.85607387173,30,10,0,4,0
32,40368.60323744055,53,9,0,3,0
34,44958.6405699451,34,8,0,5,0
40,70671.26651011483,22,8,0,2,0
32,63487.25023229934,67,10,1,2,0
53,67788.09297967867,6,10,0,1,0
27,61350.38314076116,79,3,1,2,0
35,57169.38948316561,27,14,0,2,0
32,59867.93011985549,10,11,0,5,0
55,102122.20628255425,73,8,1,1,0
40,76968.39315865532,97,8,0,3,0
50,77314.69352094168,96,8,1,3,0
20,35088.07774584713,48,9,0,5,0
41,47681.84598670695,70,12,1,5,0
48,70408.4668075758,59,13,1,4,0
38,63488.69761172305,59,11,1,5,0
50,70128.20472848816,2,7,0,4,0
31,55887.43032907695,29,7,1,5,0
54,85568.51882958769,68,5,1,4,0
65,95751.44018191921,65,6,1,1,0
33,53099.9741917654,83,3,1,3,0
32,60086.546719667276,26,9,0,3,0
55,90419.40649569409,89,13,1,3,0
56,76296.00922557154,10,7,0,2,0
31,71309.3237974627,53,7,0,3,0
32,57414.118677157385,79,11,1,5,0
34,60988.49622944847,59,6,0,1,0
21,52282.14423256557,22,9,0,4,0
26,53532.16131263501,51,13,0,4,0
25,59531.36633913245,48,11,1,5,0
28,56471.241652018245,21,11,1,5,0
37,58275.62625359562,22,8,1,4,0
40,71615.03525206102,98,12,0,3,0
56,75762.73792679339,30,12,1,2,0
26,52285.59705776523,25,15,1,3,0
49,78467.7000935554,28,4,1,4,0
35,59918.83142727461,65,6,0,5,0
37,63114.6248856107,45,5,1,4,0
46,56381.50954502361,68,8,1,2,0
24,43312.750922590385,7,10,0,3,0
42,71328.44901141114,49,7,0,2,0
39,68398.563919974,9,7,0,1,1
43,61323.24859074042,36,3,1,2,0
41,81857.07840864701,83,10,0,1,0
67,91738.251517855,1,9,1,4,0
30,65694.57200526737,10,8,0,2,0
31,61471.94361871685,36,9,1,2,0
30,49537.72690156197,73,7,0,5,0
31,74953.10892609513,46,7,1,3,0
30,44063.631682435196,32,10,1,1,0
52,91591.54173610001,32,6,0,2,0
55,96005.82318042978,6,6,1,1,1
31,50493.79790923355,48,8,0,1,0
28,67524.65300064329,38,11,1,1,0
43,69099.53485401048,17,8,1,3,0
31,60086.93629279857,74,11,0,2,0
45,76603.2183877122,27,8,0,3,0
40,66656.91258529451,54,10,0,5,0
19,50908.082731597824,50,6,1,3,0
56,95134.88720552213,35,8,1,5,0
59,73314.68026761818,85,7,1,3,0
30,69043.40242878153,25,7,0,3,0
33,42975.08011964326,28,3,0,4,0
41,79525.46204341657,15,11,1,1,0
42,81667.05136827583,4,7,0,1,1
45,63090.335697848015,93,6,1,4,0
62,90291.85712045415,73,11,0,3,0
35,50942.95331514064,27,2,0,4,0
28,51450.78969711265,26,7,1,5,0
21,42119.65715814259,19,9,1,3,0
29,62596.6053226934,92,8,1,3,0
37,77503.08746119609,17,12,0,3,0
59,104756.83810789956,43,6,0,5,0
31,51578.31973421698,41,13,1,4,0
40,65907.78126255472,42,11,1,5,0
37,47565.618077790496,50,12,1,2,0
52,74341.29933503811,84,4,0,4,0
68,111248.51633097458,40,14,1,2,0
31,73355.82823548232,39,4,1,2,0
32,46056.51128120078,23,12,1,5,0
50,74075.35740847106,96,5,1,1,0
46,74935.94243041074,52,6,1,5,0
60,94801.61158819607,47,12,1,1,0
45,65903.96480078353,63,9,1,4,0
33,63840.6104446409,97,10,1,2,0
45,69261.60652929085,69,9,1,3,0
51,81055.4772912172,43,8,1,2,0
47,81862.842480037,48,11,1,3,0
44,72864.22269810937,34,7,0,2,0
50,75636.14109473431,40,10,0,4,0
52,81303.9019607417,75,7,0,1,0
54,83916.37040794664,61,16,0,1,0
45,70299.88970117872,50,7,0,1,0
35,59412.039373328975,67,12,0,3,0
39,82786.47170504717,62,5,0,4,0
52,88009.19447941238,58,7,1,5,0
28,50645.19681970839,33,11,0,2,0
42,77369.54404510735,75,8,0,3,0
33,56261.8051024399,16,11,1,4,0
38,77331.24637586641,82,6,1,2,0
53,87296.42192198095,94,9,1,3,0
40,66926.97855995772,48,7,1,3,0
38,70077.16925810277,10,5,1,1,1
21,29491.238479315005,82,8,1,1,0
46,63932.32531090195,38,4,1,2,0
45,62060.749936009444,19,4,1,3,0
63,97029.43094763707,36,4,1,1,1
34,78125.14999485092,59,12,1,2,0
40,90313.00146192632,63,6,1,2,0
40,74380.51101440757,77,9,0,1,0
56,92208.44474944458,46,8,1,2,0
36,45189.42265847261,3,4,1,5,0
41,63773.26200265979,74,10,1,1,0
45,66122.16248091761,65,13,1,4,0
40,61791.52401748884,91,7,1,3,0
32,56718.561814152104,8,6,1,4,0
40,63279.094223028726,51,11,1,3,0
50,60207.00189624212,81,6,0,2,0
25,57479.10256117534,73,8,1,4,0
39,56072.56974260193,6,6,0,3,0
29,57192.468641111496,89,13,0,4,0
52,103140.82669749974,39,7,1,3,0
19,33606.154084135764,60,5,0,5,0
31,31897.124772536703,28,8,1,4,0
42,67539.9577811989,97,5,0,5,0
56,98209.59634998572,54,12,0,3,0
37,83983.47454220593,37,11,1,3,0
31,44904.50405547583,9,11,0,4,0
60,96966.99223236521,82,8,1,5,0
20,39346.89543219947,56,5,1,5,0
18,40540.51645695865,59,9,1,2,0
43,98043.43347017035,85,12,1,4,0
31,42170.29671604847,2,14,1,2,0
25,52537.396614945734,61,4,1,3,0
46,79876.93171765434,58,6,1,2,0
40,78857.86324939347,60,11,0,2,0
31,58179.83153470895,40,9,1,5,0
22,49480.50539504102,36,10,1,1,0
48,73683.51432578209,37,5,1,3,0
45,76691.26941245107,79,4,1,3,0
36,59768.077245025896,92,5,1,1,0
60,98215.7188985605,18,8,1,2,1
25,46303.89663956366,98,12,1,3,0
19,46571.003939021866,63,6,0,2,0
29,54507.37186315021,22,16,0,4,0
37,75660.50250772169,11,5,1,5,0
40,67486.06276411514,58,7,1,2,0
35,44269.675317931185,57,10,0,2,0
42,83019.21500713992,77,7,0,3,0
22,37342.67699137381,4,10,0,4,0
55,79462.3366135118,86,6,1,2,0
37,58443.38705956508,7,8,1,1,1
51,94944.38093170818,61,10,1,3,0
42,49043.257860213045,54,5,0,5,0
43,102977.48533659993,88,6,0,3,0
44,83360.56809066053,68,10,0,3,0
43,73832.3891412916,92,3,0,5,0
45,73451.05999383715,79,1,1,4,0
53,86455.54074857658,1,5,1,4,0
40,73211.22428379339,55,14,0,3,0
46,81652.15585950058,3,8,0,5,0
36,68756.04466003449,78,7,0,4,0
55,86895.80681255249,38,7,1,5,0
29,52826.61579692674,1,11,0,4,0
59,89287.26716346489,38,8,0,4,0
37,62450.917196473194,85,2,0,2,0
20,55337.700968670644,29,14,1,2,0
39,72735.56722280862,5,9,1,4,0
29,25396.1136533572,74,5,1,2,0
48,84159.0077652976,92,11,0,3,0
30,57947.36194718775,21,7,1,2,0
32,58212.912435541024,71,6,1,4,0
18,37714.81546911114,67,9,0,1,0
32,69641.12719986014,47,9,0,4,0
18,51075.264621228576,84,7,1,3,0
18,33871.22332176391,83,5,0,2,0
47,80470.52287124535,35,6,1,3,0
47,66683.43265458714,68,7,1,2,0
43,57803.8183521107,69,13,1,2,0
26,44932.82775410035,1,7,0,3,0
37,73023.93472382758,68,8,1,1,0
37,73931.25045376088,12,2,1,5,0
24,53930.85420097293,60,8,0,1,0
56,94450.95786847998,27,4,1,4,0
48,82761.78287114958,56,10,0,3,0
35,55585.18404777048,23,11,0,3,0
38,69919.22544673941,25,7,1,3,0
40,76004.09525227682,21,11,0,4,0
18,49142.91329813574,61,10,0,4,0
35,73889.13371474642,63,11,0,4,0
29,61883.03847201064,52,12,1,1,0
25,53514.48207541583,88,7,1,4,0
34,71501.50238316428,25,7,0,2,0
59,90534.7874075094,55,8,1,1,0
45,65181.253487722825,46,10,0,3,0
31,55569.330360562366,32,11,1,3,0
44,65350.97355193551,55,10,1,3,0
