Customer_ID,Age,Gender,Category,Device,Payment_Method,Monthly_Visits,Discount_Applied,Purchase_Amount,Satisfaction_Score
CUST_1000,39,Male,Fashion,Mobile App,Cash on Delivery,9,0,507.91909963831966,1
CUST_1001,33,Female,Fashion,Mobile App,UPI,12,1,728.2438299792183,3
CUST_1002,41,Female,Fashion,Desktop,Credit Card,11,1,663.3480125627086,3
CUST_1003,50,Female,Home & Kitchen,Desktop,UPI,6,1,459.69652881942824,4
CUST_1004,32,Female,Electronics,Mobile App,Credit Card,5,1,582.7465133909319,2
CUST_1005,32,Female,Fashion,Desktop,Debit Card,5,0,408.1756557663465,2
CUST_1006,50,Male,Sports,Mobile App,UPI,6,1,318.687872762334,3
CUST_1007,42,Male,Electronics,Mobile App,UPI,12,0,999.3292032270276,5
CUST_1008,30,Male,Home & Kitchen,Mobile App,UPI,5,0,348.67482110050537,2
CUST_1009,40,Female,Fashion,Mobile App,UPI,7,1,503.1097322035634,3
CUST_1010,30,Female,Beauty,Desktop,Credit Card,7,0,437.4425084663213,3
CUST_1011,30,Male,Electronics,Mobile App,UPI,13,1,1033.8133493699042,4
CUST_1012,37,Male,Sports,Mobile App,Credit Card,9,1,486.6191614620267,4
CUST_1013,18,Female,Fashion,Desktop,UPI,8,0,631.2206425668918,2
CUST_1014,18,Male,Electronics,Desktop,Debit Card,8,1,791.1876622398195,3
CUST_1015,29,Female,Electronics,Mobile App,Debit Card,4,1,446.5145664890056,2
CUST_1016,24,Female,Electronics,Desktop,UPI,10,1,761.6952548798276,3
CUST_1017,38,Female,Fashion,Mobile App,UPI,13,0,853.6651976895319,5
CUST_1018,25,Male,Fashion,Desktop,Credit Card,6,0,468.0417936538496,4
CUST_1019,20,Female,Beauty,Desktop,Debit Card,9,1,534.8775239560371,3
CUST_1020,49,Female,Fashion,Tablet,Credit Card,9,0,584.4911040525114,4
CUST_1021,32,Female,Electronics,Mobile App,UPI,9,0,733.2668857892844,4
CUST_1022,35,Female,Home & Kitchen,Mobile App,Credit Card,3,1,235.95817166357364,4
CUST_1023,20,Female,Home & Kitchen,Mobile App,Credit Card,8,0,508.2002092217499,4
CUST_1024,29,Female,Electronics,Mobile App,UPI,9,1,772.0948068519756,3
CUST_1025,36,Male,Electronics,Mobile App,Credit Card,7,0,685.9315667006612,2
CUST_1026,23,Female,Electronics,Tablet,UPI,6,1,790.44971427153,2
CUST_1027,38,Female,Home & Kitchen,Mobile App,Credit Card,4,1,414.381844427204,1
CUST_1028,28,Male,Home & Kitchen,Mobile App,Credit Card,16,0,671.1253827667732,3
CUST_1029,32,Female,Fashion,Desktop,UPI,11,0,683.3954196068871,3
CUST_1030,28,Female,Beauty,Mobile App,Credit Card,9,1,655.5878204764194,3
CUST_1031,53,Female,Beauty,Desktop,Credit Card,7,1,395.5245981587175,4
CUST_1032,34,Male,Home & Kitchen,Mobile App,UPI,13,1,795.2647591525086,4
CUST_1033,24,Male,Beauty,Mobile App,Credit Card,4,0,284.4203911079044,2
CUST_1034,43,Female,Electronics,Mobile App,Debit Card,10,0,785.9601457672062,2
CUST_1035,22,Female,Electronics,Mobile App,Credit Card,8,1,771.8142815481488,3
CUST_1036,37,Male,Electronics,Tablet,Credit Card,8,1,714.5875694995299,2
CUST_1037,18,Female,Electronics,Mobile App,UPI,5,1,629.6774783744572,3
CUST_1038,21,Female,Fashion,Mobile App,Credit Card,9,1,724.4969219584583,3
CUST_1039,36,Female,Sports,Mobile App,Credit Card,5,1,395.52805603854614,3
CUST_1040,42,Female,Electronics,Mobile App,Credit Card,6,1,648.491927928982,4
CUST_1041,36,Male,Electronics,Desktop,Credit Card,8,0,820.4116105030555,4
CUST_1042,33,Male,Fashion,Mobile App,Debit Card,5,1,522.6012485525059,1
CUST_1043,31,Male,Sports,Desktop,Credit Card,13,1,625.9874102141591,3
CUST_1044,20,Female,Fashion,Tablet,Debit Card,11,0,828.8045140066412,4
CUST_1045,27,Male,Fashion,Mobile App,Debit Card,9,1,668.5419355230107,2
CUST_1046,30,Male,Electronics,Tablet,UPI,6,1,627.1793938678084,1
CUST_1047,45,Male,Electronics,Mobile App,Cash on Delivery,9,1,638.7509449248432,3
CUST_1048,38,Female,Sports,Mobile App,Credit Card,9,1,427.34541719612,2
CUST_1049,18,Female,Sports,Mobile App,Cash on Delivery,3,1,372.0080946239962,2
CUST_1050,38,Male,Electronics,Desktop,Credit Card,7,0,784.379915118227,3
CUST_1051,31,Male,Sports,Tablet,UPI,8,1,475.11704412399445,3
CUST_1052,28,Female,Home & Kitchen,Mobile App,UPI,8,1,363.7853494414708,2
CUST_1053,41,Male,Beauty,Desktop,Credit Card,7,1,364.78148478096364,1
CUST_1054,45,Male,Fashion,Mobile App,UPI,6,0,412.57389887702533,4
CUST_1055,44,Male,Fashion,Mobile App,UPI,5,0,370.3933244051744,1
CUST_1056,26,Male,Fashion,Mobile App,Credit Card,10,1,791.6081421362144,4
CUST_1057,31,Male,Home & Kitchen,Tablet,Credit Card,5,1,473.5950745048684,3
CUST_1058,38,Female,Electronics,Desktop,UPI,8,1,652.7491707860659,2
CUST_1059,44,Male,Electronics,Mobile App,UPI,8,1,719.475901446144,2
CUST_1060,30,Female,Fashion,Mobile App,Cash on Delivery,8,1,512.9122304040918,1
CUST_1061,33,Male,Home & Kitchen,Mobile App,Debit Card,6,1,389.0857172099948,2
CUST_1062,23,Female,Electronics,Mobile App,Cash on Delivery,8,1,818.3582330021458,5
CUST_1063,23,Female,Home & Kitchen,Mobile App,UPI,7,1,494.7231430481809,3
CUST_1064,43,Male,Sports,Desktop,Credit Card,10,1,598.5197659298373,2
CUST_1065,48,Female,Electronics,Mobile App,Credit Card,7,1,668.3492157642281,3
CUST_1066,34,Male,Home & Kitchen,Mobile App,Debit Card,8,1,545.7180269597818,3
CUST_1067,45,Female,Fashion,Mobile App,UPI,9,1,668.8001247949999,2
CUST_1068,38,Male,Beauty,Desktop,Credit Card,8,0,494.23493487894314,1
CUST_1069,28,Male,Electronics,Desktop,Credit Card,6,1,633.0754397080129,1
CUST_1070,38,Male,Home & Kitchen,Mobile App,Cash on Delivery,9,0,529.1023763708799,1
CUST_1071,50,Female,Beauty,Desktop,UPI,7,1,447.2950946721596,3
CUST_1072,34,Female,Sports,Mobile App,UPI,8,1,437.5141012955444,2
CUST_1073,50,Female,Home & Kitchen,Mobile App,UPI,11,1,543.505007976364,3
CUST_1074,18,Male,Fashion,Mobile App,Credit Card,7,1,490.1855823801766,3
CUST_1075,43,Female,Home & Kitchen,Mobile App,Credit Card,9,0,454.0282132923844,3
CUST_1076,35,Male,Beauty,Mobile App,Credit Card,8,1,458.71382746729694,3
CUST_1077,32,Female,Home & Kitchen,Tablet,Credit Card,6,1,368.8389060602651,3
CUST_1078,35,Male,Electronics,Desktop,Debit Card,6,1,602.7559752038467,2
CUST_1079,18,Male,Sports,Desktop,UPI,14,0,668.3131115158901,1
CUST_1080,32,Male,Home & Kitchen,Mobile App,Debit Card,12,1,647.512801566979,3
CUST_1081,38,Male,Home & Kitchen,Mobile App,Debit Card,5,1,432.6564468304583,2
CUST_1082,49,Female,Electronics,Desktop,Credit Card,12,1,879.345059135593,5
CUST_1083,29,Male,Home & Kitchen,Mobile App,UPI,8,1,465.42015199755383,3
CUST_1084,26,Female,Fashion,Mobile App,UPI,7,1,493.90679843719784,3
CUST_1085,29,Male,Home & Kitchen,Mobile App,Debit Card,4,1,296.6158112925575,3
CUST_1086,44,Female,Electronics,Desktop,Credit Card,5,1,671.4201804365621,3
CUST_1087,38,Male,Home & Kitchen,Mobile App,UPI,5,1,412.24766621053834,3
CUST_1088,29,Male,Sports,Mobile App,UPI,4,0,368.07842465646013,3
CUST_1089,40,Female,Electronics,Desktop,Credit Card,7,1,736.1521297531906,3
CUST_1090,35,Male,Sports,Mobile App,Credit Card,9,1,536.2039533338901,3
CUST_1091,44,Male,Fashion,Mobile App,UPI,7,0,574.0724298089797,4
CUST_1092,27,Female,Beauty,Mobile App,UPI,6,0,404.6850196010864,3
CUST_1093,31,Female,Beauty,Mobile App,Credit Card,7,1,404.98688319684913,3
CUST_1094,31,Male,Home & Kitchen,Desktop,UPI,4,0,315.02196391693053,3
CUST_1095,20,Male,Home & Kitchen,Mobile App,Credit Card,9,1,522.935981022352,3
CUST_1096,37,Female,Beauty,Mobile App,UPI,10,0,587.990116198963,1
CUST_1097,37,Male,Fashion,Desktop,Credit Card,11,0,716.0153892227096,4
CUST_1098,35,Male,Fashion,Desktop,Debit Card,11,0,836.309682858345,5
CUST_1099,32,Male,Home & Kitchen,Desktop,Credit Card,8,0,397.41126817652525,3
CUST_1100,20,Female,Beauty,Mobile App,Credit Card,10,1,595.268541986242,3
CUST_1101,30,Female,Beauty,Mobile App,Credit Card,9,1,507.5253776016568,4
CUST_1102,31,Male,Beauty,Tablet,Credit Card,8,0,470.1287769275925,1
CUST_1103,26,Male,Fashion,Desktop,UPI,3,1,341.24545306135155,3
CUST_1104,33,Male,Beauty,Mobile App,Credit Card,5,1,411.1605960349211,3
CUST_1105,39,Female,Electronics,Mobile App,Debit Card,7,1,719.1704920592695,2
CUST_1106,53,Male,Fashion,Mobile App,Credit Card,7,1,600.0182438082215,1
CUST_1107,36,Male,Electronics,Tablet,Credit Card,8,1,730.1547242891379,3
CUST_1108,37,Female,Fashion,Mobile App,Credit Card,5,1,450.50631112158646,3
CUST_1109,34,Male,Fashion,Mobile App,Credit Card,7,1,546.0063070873325,1
CUST_1110,18,Female,Fashion,Mobile App,Credit Card,7,0,576.0079390033384,3
CUST_1111,34,Male,Home & Kitchen,Desktop,UPI,7,1,309.66542962481554,3
CUST_1112,35,Male,Fashion,Desktop,UPI,7,1,602.3759720545274,3
CUST_1113,59,Male,Fashion,Mobile App,UPI,10,1,815.5715688809839,4
CUST_1114,33,Female,Electronics,Desktop,UPI,7,1,708.8201028172086,3
CUST_1115,38,Female,Fashion,Tablet,UPI,9,1,613.1444025475336,4
CUST_1116,34,Female,Electronics,Mobile App,Credit Card,7,0,670.3258847192438,4
CUST_1117,23,Male,Electronics,Mobile App,UPI,5,1,642.4525410560501,2
CUST_1118,46,Female,Home & Kitchen,Mobile App,Cash on Delivery,8,1,454.50268020109286,2
CUST_1119,42,Male,Home & Kitchen,Desktop,UPI,12,1,682.1205162803506,3
CUST_1120,42,Male,Home & Kitchen,Mobile App,UPI,4,1,299.5515569721854,3
CUST_1121,25,Female,Fashion,Desktop,Credit Card,9,1,732.8510079974602,3
CUST_1122,49,Male,Fashion,Desktop,Debit Card,7,0,651.1957681613312,3
CUST_1123,20,Male,Beauty,Mobile App,Debit Card,9,1,490.1898199235435,3
CUST_1124,40,Male,Fashion,Tablet,UPI,10,1,665.1385697956721,3
CUST_1125,56,Male,Fashion,Mobile App,Cash on Delivery,6,1,508.6578682872996,1
CUST_1126,25,Male,Electronics,Mobile App,Credit Card,11,0,839.4620204541757,5
CUST_1127,29,Female,Fashion,Desktop,Credit Card,6,1,453.15425729635945,2
CUST_1128,35,Male,Fashion,Desktop,Debit Card,9,1,564.7643589435388,4
CUST_1129,29,Female,Fashion,Mobile App,Debit Card,9,1,704.9854542928774,1
CUST_1130,19,Female,Home & Kitchen,Desktop,Credit Card,7,1,495.38722085225004,4
CUST_1131,35,Male,Fashion,Tablet,Credit Card,7,1,614.3512428506363,1
CUST_1132,24,Male,Home & Kitchen,Mobile App,Credit Card,8,0,465.83729798358024,2
CUST_1133,39,Male,Beauty,Tablet,Credit Card,12,0,743.5207061993817,1
CUST_1134,25,Female,Beauty,Mobile App,Debit Card,7,1,428.65186139952596,3
CUST_1135,50,Male,Home & Kitchen,Mobile App,UPI,4,1,361.77257043398447,4
CUST_1136,27,Female,Sports,Mobile App,Credit Card,7,0,346.68267912790094,3
CUST_1137,31,Male,Electronics,Desktop,Credit Card,7,0,666.215880110129,4
CUST_1138,43,Female,Electronics,Desktop,Credit Card,7,0,670.650736665571,3
CUST_1139,22,Male,Electronics,Mobile App,Credit Card,5,1,596.0707477187032,3
CUST_1140,37,Male,Home & Kitchen,Mobile App,UPI,7,0,350.47006192025884,4
CUST_1141,48,Female,Beauty,Desktop,Cash on Delivery,6,1,432.23285566945543,2
CUST_1142,18,Female,Electronics,Mobile App,Debit Card,7,1,741.7166186782026,2
CUST_1143,36,Male,Sports,Desktop,Credit Card,7,0,385.36843665262506,4
CUST_1144,37,Female,Electronics,Desktop,Debit Card,11,1,771.1595090207203,4
CUST_1145,42,Female,Sports,Mobile App,Debit Card,10,0,503.8635025063646,4
CUST_1146,22,Female,Fashion,Tablet,Debit Card,8,1,619.7299201484109,4
CUST_1147,21,Female,Electronics,Mobile App,UPI,11,0,804.2037987054987,5
CUST_1148,40,Male,Fashion,Tablet,Credit Card,7,1,541.9560850218174,4
CUST_1149,37,Male,Electronics,Desktop,Credit Card,11,1,775.5923553178383,3
CUST_1150,37,Male,Electronics,Desktop,Credit Card,4,0,678.7571843300877,4
CUST_1151,38,Female,Fashion,Mobile App,Credit Card,6,0,514.391917689767,3
CUST_1152,28,Female,Beauty,Desktop,Credit Card,8,1,538.9829197535978,3
CUST_1153,37,Male,Fashion,Mobile App,UPI,12,0,779.5901900543302,3
CUST_1154,37,Male,Fashion,Mobile App,UPI,6,1,507.48719670209584,2
CUST_1155,27,Female,Home & Kitchen,Mobile App,UPI,6,1,384.38026050664337,1
CUST_1156,53,Female,Home & Kitchen,Mobile App,Credit Card,8,1,426.48537940173287,4
CUST_1157,39,Female,Electronics,Mobile App,Cash on Delivery,10,1,772.9722109469765,4
CUST_1158,23,Male,Fashion,Desktop,Cash on Delivery,9,1,569.5318601040897,1
CUST_1159,41,Male,Electronics,Desktop,Debit Card,13,1,852.9880416840233,5
CUST_1160,25,Male,Electronics,Mobile App,Cash on Delivery,8,1,845.1825250530811,5
CUST_1161,42,Female,Home & Kitchen,Desktop,UPI,11,0,606.7347419049165,3
CUST_1162,46,Male,Electronics,Mobile App,Cash on Delivery,10,0,887.9430345022436,5
CUST_1163,26,Female,Fashion,Desktop,Credit Card,11,1,662.3562645778387,4
CUST_1164,44,Male,Home & Kitchen,Desktop,Credit Card,13,1,594.9037844521154,3
CUST_1165,39,Female,Electronics,Mobile App,Credit Card,6,1,581.333307342469,3
CUST_1166,43,Female,Home & Kitchen,Desktop,Credit Card,12,0,604.6756868946183,3
CUST_1167,53,Female,Electronics,Mobile App,Credit Card,7,1,682.1899959095696,1
CUST_1168,32,Male,Sports,Mobile App,UPI,9,0,500.9438029893604,3
CUST_1169,27,Male,Fashion,Desktop,Debit Card,5,0,423.60854189080226,2
CUST_1170,26,Male,Beauty,Mobile App,UPI,8,1,475.2629005590658,2
CUST_1171,26,Female,Home & Kitchen,Mobile App,Credit Card,10,0,560.5231674723968,3
CUST_1172,34,Female,Electronics,Mobile App,Debit Card,9,1,802.1365856530947,5
CUST_1173,38,Female,Home & Kitchen,Desktop,UPI,2,1,318.2259381807523,3
CUST_1174,37,Female,Sports,Mobile App,Credit Card,8,1,448.1663726294646,2
CUST_1175,43,Female,Home & Kitchen,Mobile App,UPI,7,1,502.9288356180779,3
CUST_1176,35,Male,Beauty,Desktop,Credit Card,4,0,313.9562556056792,4
CUST_1177,49,Female,Beauty,Desktop,Credit Card,8,0,378.3608607549331,3
CUST_1178,32,Male,Electronics,Mobile App,Cash on Delivery,13,1,1026.9962486237503,5
CUST_1179,62,Male,Electronics,Mobile App,Credit Card,5,1,736.3521865139815,3
CUST_1180,41,Female,Home & Kitchen,Mobile App,UPI,4,1,347.1457886830931,3
CUST_1181,26,Male,Fashion,Mobile App,Debit Card,9,0,635.3870978651479,1
CUST_1182,24,Male,Beauty,Mobile App,UPI,4,1,293.71569639013023,2
CUST_1183,39,Female,Sports,Desktop,Credit Card,6,1,362.1631218309355,2
CUST_1184,32,Male,Fashion,Desktop,Credit Card,8,1,662.642075188851,3
CUST_1185,42,Female,Electronics,Desktop,Credit Card,11,1,838.9636057171097,4
CUST_1186,39,Male,Beauty,Mobile App,UPI,8,0,570.4363878346861,4
CUST_1187,34,Male,Electronics,Desktop,UPI,4,0,562.09174491975,1
CUST_1188,26,Male,Beauty,Mobile App,Credit Card,6,1,365.25919839459556,2
CUST_1189,19,Male,Fashion,Tablet,Cash on Delivery,9,1,593.921972129296,2
CUST_1190,30,Female,Home & Kitchen,Desktop,UPI,9,0,465.3770348823301,2
CUST_1191,43,Male,Electronics,Mobile App,Credit Card,6,1,670.8487495843627,3
CUST_1192,37,Female,Home & Kitchen,Desktop,UPI,10,0,472.3303987085193,4
CUST_1193,22,Male,Fashion,Mobile App,UPI,6,0,460.8997509998248,4
CUST_1194,36,Female,Home & Kitchen,Desktop,Credit Card,4,0,389.4689575504642,3
CUST_1195,38,Female,Electronics,Mobile App,Credit Card,4,0,502.7270413505313,4
CUST_1196,26,Female,Home & Kitchen,Mobile App,Debit Card,8,1,521.762295319401,3
CUST_1197,36,Male,Beauty,Desktop,UPI,9,1,386.2192913099511,2
CUST_1198,35,Male,Electronics,Mobile App,UPI,10,0,887.0052225305451,5
CUST_1199,23,Male,Electronics,Desktop,UPI,13,0,843.7860896583472,4
CUST_1200,38,Female,Electronics,Mobile App,Credit Card,11,1,787.4163753915145,3
CUST_1201,40,Male,Home & Kitchen,Desktop,Credit Card,8,0,510.8205546791795,2
CUST_1202,45,Female,Home & Kitchen,Desktop,UPI,11,1,606.2244880524829,2
CUST_1203,45,Female,Fashion,Mobile App,Credit Card,1,0,363.69924616568846,2
CUST_1204,21,Male,Electronics,Mobile App,Credit Card,14,1,883.3042422445455,5
CUST_1205,25,Female,Fashion,Mobile App,Debit Card,10,0,652.7916754399877,3
CUST_1206,40,Male,Home & Kitchen,Mobile App,Cash on Delivery,9,0,472.9753074473738,3
CUST_1207,40,Male,Fashion,Mobile App,Debit Card,10,0,603.3886721108546,3
CUST_1208,40,Female,Sports,Desktop,Debit Card,6,0,425.7538475112219,2
CUST_1209,70,Female,Electronics,Tablet,Credit Card,12,1,936.5830867964078,5
CUST_1210,40,Female,Home & Kitchen,Desktop,Cash on Delivery,6,1,369.788027697568,4
CUST_1211,46,Male,Fashion,Desktop,Credit Card,11,0,801.3626779577702,4
CUST_1212,44,Male,Fashion,Desktop,Cash on Delivery,7,0,502.85798674729944,4
CUST_1213,41,Female,Home & Kitchen,Desktop,Cash on Delivery,7,1,519.9080394482224,2
CUST_1214,31,Female,Home & Kitchen,Mobile App,UPI,7,1,463.73434358549594,1
CUST_1215,42,Female,Sports,Tablet,Cash on Delivery,3,1,196.58596887149935,4
CUST_1216,27,Male,Electronics,Desktop,UPI,5,1,718.8914560249601,4
CUST_1217,32,Female,Electronics,Mobile App,Credit Card,7,1,653.3313480085384,4
CUST_1218,30,Male,Home & Kitchen,Mobile App,UPI,14,1,782.3070643768671,3
CUST_1219,35,Male,Home & Kitchen,Mobile App,UPI,9,1,518.738947315778,4
CUST_1220,58,Female,Electronics,Mobile App,Credit Card,4,1,582.4664734671098,4
CUST_1221,18,Male,Electronics,Desktop,UPI,12,0,934.0724068295385,5
CUST_1222,41,Female,Electronics,Mobile App,Cash on Delivery,9,0,810.7510710681402,5
CUST_1223,18,Male,Beauty,Mobile App,Credit Card,5,0,329.4712062125924,2
CUST_1224,30,Male,Electronics,Tablet,Debit Card,5,1,631.8999357563157,4
CUST_1225,45,Female,Fashion,Mobile App,Cash on Delivery,7,1,577.3959909219101,3
CUST_1226,35,Female,Electronics,Mobile App,Cash on Delivery,13,1,932.8136719813547,5
CUST_1227,24,Female,Fashion,Mobile App,Cash on Delivery,10,0,657.8010079702162,3
CUST_1228,27,Female,Electronics,Desktop,UPI,10,1,812.6938899916549,5
CUST_1229,41,Female,Fashion,Tablet,Cash on Delivery,5,1,588.0524447717517,3
CUST_1230,27,Female,Electronics,Mobile App,Debit Card,7,0,662.2983588731506,1
CUST_1231,37,Female,Beauty,Desktop,Credit Card,5,1,422.39524518825255,4
CUST_1232,35,Male,Electronics,Mobile App,UPI,11,1,802.8218145650121,4
CUST_1233,28,Female,Fashion,Tablet,UPI,7,1,497.1211202606354,3
CUST_1234,56,Male,Beauty,Desktop,Credit Card,9,1,706.58396070678,1
CUST_1235,41,Female,Home & Kitchen,Desktop,UPI,7,1,462.40145181935463,1
CUST_1236,18,Female,Fashion,Mobile App,UPI,8,1,624.0508076773768,2
CUST_1237,36,Male,Fashion,Tablet,Credit Card,6,1,545.7136663100521,3
CUST_1238,28,Female,Fashion,Desktop,UPI,2,1,434.4379823920753,1
CUST_1239,43,Female,Home & Kitchen,Mobile App,Debit Card,6,0,414.4686008770652,4
CUST_1240,27,Male,Sports,Desktop,UPI,6,1,438.97331235343154,2
CUST_1241,33,Female,Home & Kitchen,Mobile App,Credit Card,12,0,566.4859033046087,2
CUST_1242,40,Female,Home & Kitchen,Desktop,Credit Card,5,1,409.03541223466715,2
CUST_1243,43,Male,Home & Kitchen,Mobile App,Credit Card,5,1,335.79436651774756,1
CUST_1244,22,Female,Fashion,Desktop,Cash on Delivery,6,1,550.3045489315124,3
CUST_1245,31,Male,Electronics,Mobile App,Credit Card,6,1,537.0928027183182,4
CUST_1246,30,Female,Home & Kitchen,Mobile App,UPI,9,0,547.8107755419069,3
CUST_1247,28,Female,Sports,Mobile App,Credit Card,12,1,495.4862187135103,2
CUST_1248,52,Female,Electronics,Mobile App,Credit Card,10,0,783.4450717738293,2
CUST_1249,39,Male,Home & Kitchen,Mobile App,Debit Card,5,0,247.66690454602366,3
CUST_1250,22,Female,Electronics,Mobile App,UPI,10,1,837.9822035750316,5
CUST_1251,44,Female,Fashion,Mobile App,Credit Card,12,0,754.1561928705526,2
CUST_1252,56,Male,Electronics,Mobile App,UPI,4,1,513.7527558175834,3
CUST_1253,45,Female,Fashion,Mobile App,Credit Card,8,1,676.0644827020897,3
CUST_1254,19,Male,Beauty,Desktop,UPI,8,1,416.2000103399971,2
CUST_1255,30,Female,Fashion,Mobile App,UPI,7,1,368.12837005059464,3
CUST_1256,47,Male,Home & Kitchen,Tablet,Credit Card,6,0,420.8181020319091,1
CUST_1257,27,Male,Beauty,Desktop,Credit Card,6,0,284.00407683516306,3
CUST_1258,39,Male,Sports,Desktop,Credit Card,8,1,418.0994214193495,2
CUST_1259,42,Female,Electronics,Mobile App,Cash on Delivery,9,1,728.9592056236434,3
CUST_1260,25,Male,Fashion,Desktop,Cash on Delivery,11,1,624.5603690182393,1
CUST_1261,34,Female,Electronics,Mobile App,Credit Card,11,1,810.3763448365067,5
CUST_1262,18,Male,Sports,Mobile App,Debit Card,6,0,305.6830867647066,2
CUST_1263,24,Male,Sports,Mobile App,Credit Card,8,1,479.7429911079828,4
CUST_1264,32,Female,Fashion,Desktop,Credit Card,10,1,596.2752846548686,4
CUST_1265,22,Female,Beauty,Mobile App,Debit Card,6,0,391.8087839269209,4
CUST_1266,51,Male,Fashion,Mobile App,Cash on Delivery,7,0,619.7204622562726,3
CUST_1267,20,Female,Home & Kitchen,Tablet,Cash on Delivery,6,0,436.9423662175298,3
CUST_1268,30,Female,Electronics,Desktop,UPI,8,0,715.0973584715053,2
CUST_1269,36,Female,Beauty,Mobile App,Credit Card,8,1,410.6757608948109,2
CUST_1270,49,Male,Electronics,Mobile App,Debit Card,13,0,929.5506269553548,5
CUST_1271,20,Male,Beauty,Desktop,Credit Card,5,0,308.25685253197486,2
CUST_1272,46,Female,Beauty,Mobile App,UPI,9,0,522.0674075220916,4
CUST_1273,35,Male,Home & Kitchen,Mobile App,Credit Card,8,1,367.08288695282005,1
CUST_1274,25,Female,Electronics,Mobile App,UPI,11,1,888.4356633801385,4
CUST_1275,39,Female,Fashion,Tablet,Credit Card,7,0,551.9929937807889,3
CUST_1276,36,Female,Electronics,Desktop,Credit Card,8,0,852.5110008005504,5
CUST_1277,28,Female,Fashion,Desktop,Cash on Delivery,4,0,508.36368771056357,3
CUST_1278,35,Female,Electronics,Desktop,Credit Card,7,1,713.9712161852634,1
CUST_1279,31,Male,Sports,Mobile App,UPI,8,0,462.56042157754587,3
CUST_1280,36,Female,Home & Kitchen,Mobile App,Credit Card,12,1,586.2237381779,2
CUST_1281,41,Male,Fashion,Mobile App,Credit Card,8,1,646.5445577020481,4
CUST_1282,50,Male,Fashion,Mobile App,Credit Card,7,1,536.2318125208174,3
CUST_1283,22,Female,Fashion,Mobile App,Credit Card,9,0,700.101877976898,4
CUST_1284,56,Female,Home & Kitchen,Desktop,Debit Card,9,1,534.0493898241172,1
CUST_1285,18,Female,Fashion,Desktop,Credit Card,10,1,694.4798276349858,2
CUST_1286,33,Female,Sports,Desktop,Cash on Delivery,4,0,345.6715676180777,2
CUST_1287,40,Male,Fashion,Mobile App,UPI,5,1,414.8223836937466,1
CUST_1288,37,Male,Sports,Desktop,UPI,10,0,488.67182536758264,2
CUST_1289,28,Female,Beauty,Desktop,UPI,13,0,606.5974330982065,3
CUST_1290,32,Male,Electronics,Mobile App,UPI,13,0,982.8498148925594,4
CUST_1291,30,Male,Sports,Desktop,Debit Card,7,1,373.25670474889165,3
CUST_1292,29,Male,Electronics,Mobile App,Credit Card,8,1,670.7304175082799,4
CUST_1293,43,Male,Beauty,Mobile App,Credit Card,6,1,422.25102761838855,3
CUST_1294,38,Male,Fashion,Mobile App,Debit Card,10,0,654.8770525219086,2
CUST_1295,28,Male,Beauty,Mobile App,Cash on Delivery,8,1,447.2123454744826,2
CUST_1296,43,Male,Beauty,Mobile App,Debit Card,5,0,322.0067018703848,3
CUST_1297,38,Male,Beauty,Desktop,UPI,10,1,410.4620993295191,2
CUST_1298,43,Female,Beauty,Tablet,Debit Card,13,0,611.987108442159,3
CUST_1299,41,Male,Fashion,Desktop,UPI,3,0,460.8937882129255,2
CUST_1300,26,Male,Electronics,Desktop,UPI,10,1,767.6361139079617,4
CUST_1301,29,Female,Fashion,Mobile App,Credit Card,1,0,195.9706176389356,3
CUST_1302,42,Male,Electronics,Desktop,UPI,5,1,539.5203456678905,3
CUST_1303,41,Female,Home & Kitchen,Mobile App,Credit Card,10,1,571.5912378852997,2
CUST_1304,34,Female,Fashion,Mobile App,Credit Card,13,1,810.4020765523443,4
CUST_1305,36,Male,Sports,Mobile App,Debit Card,11,1,572.343163246319,3
CUST_1306,47,Male,Home & Kitchen,Mobile App,Credit Card,6,1,348.64775717489795,3
CUST_1307,29,Female,Beauty,Mobile App,Credit Card,9,0,425.8682408546374,2
CUST_1308,40,Female,Electronics,Mobile App,Credit Card,11,1,862.0911021847205,5
CUST_1309,32,Male,Beauty,Mobile App,Cash on Delivery,8,1,520.2722250600674,2
CUST_1310,32,Female,Sports,Tablet,UPI,6,0,467.3328001231107,3
CUST_1311,45,Male,Fashion,Mobile App,UPI,4,0,363.3647584785974,2
CUST_1312,43,Female,Home & Kitchen,Mobile App,Debit Card,10,1,631.9313788243712,3
CUST_1313,43,Male,Beauty,Mobile App,Debit Card,13,1,666.6032747641326,3
CUST_1314,48,Female,Electronics,Desktop,Credit Card,6,1,641.5943178042584,3
CUST_1315,35,Female,Fashion,Mobile App,UPI,6,0,563.6155224378876,4
CUST_1316,41,Female,Fashion,Mobile App,Debit Card,8,1,557.542765791216,4
CUST_1317,31,Female,Electronics,Mobile App,UPI,8,0,590.1718199190583,3
CUST_1318,38,Male,Fashion,Mobile App,Credit Card,10,1,712.2916928917457,1
CUST_1319,33,Male,Electronics,Mobile App,Debit Card,7,1,700.9142446577043,3
CUST_1320,35,Male,Electronics,Mobile App,UPI,8,0,698.3833891873815,3
CUST_1321,40,Male,Electronics,Mobile App,Credit Card,8,1,757.3518806362316,3
CUST_1322,26,Female,Sports,Mobile App,UPI,13,1,719.6166076279118,3
CUST_1323,55,Male,Fashion,Mobile App,Credit Card,8,1,499.2796212763054,2
CUST_1324,24,Male,Sports,Desktop,Credit Card,6,1,391.35077846386366,3
CUST_1325,22,Female,Fashion,Mobile App,Debit Card,9,1,493.34624358905495,2
CUST_1326,46,Female,Fashion,Mobile App,Credit Card,6,1,502.578408629293,3
CUST_1327,42,Female,Fashion,Mobile App,UPI,7,0,527.6354653582787,2
CUST_1328,41,Female,Fashion,Tablet,UPI,6,0,539.5145410456344,3
CUST_1329,41,Male,Electronics,Mobile App,Credit Card,12,0,815.6166862225643,5
CUST_1330,34,Male,Home & Kitchen,Mobile App,Cash on Delivery,4,1,284.71080784890887,3
CUST_1331,26,Female,Electronics,Desktop,Credit Card,7,1,487.0365680445718,3
CUST_1332,35,Female,Home & Kitchen,Mobile App,Credit Card,6,0,423.45022926203023,2
CUST_1333,28,Male,Home & Kitchen,Mobile App,Credit Card,10,1,544.6960049923556,3
CUST_1334,44,Female,Electronics,Mobile App,Credit Card,3,1,525.2344862692366,3
CUST_1335,33,Male,Electronics,Desktop,Credit Card,7,1,590.3941558379164,3
CUST_1336,26,Male,Beauty,Mobile App,UPI,6,1,413.8837304911803,2
CUST_1337,31,Female,Fashion,Desktop,Cash on Delivery,7,1,649.1649822108536,3
CUST_1338,39,Female,Electronics,Tablet,Credit Card,5,0,588.9052368674286,3
CUST_1339,29,Female,Sports,Mobile App,UPI,10,0,589.0053344848986,3
CUST_1340,26,Male,Electronics,Mobile App,UPI,8,1,667.7627386124469,3
CUST_1341,37,Female,Home & Kitchen,Mobile App,Debit Card,6,0,385.38862859717665,3
CUST_1342,37,Male,Sports,Mobile App,UPI,7,0,338.11956316250996,2
CUST_1343,29,Male,Electronics,Mobile App,Credit Card,6,1,687.2873082816077,2
CUST_1344,30,Female,Electronics,Tablet,Credit Card,14,0,969.5904346299238,4
CUST_1345,37,Female,Electronics,Desktop,UPI,9,1,686.8428168504363,2
CUST_1346,20,Female,Fashion,Desktop,Debit Card,7,0,501.8882693897151,3
CUST_1347,20,Female,Electronics,Mobile App,Credit Card,8,1,723.6651703558988,3
CUST_1348,27,Female,Home & Kitchen,Desktop,Credit Card,8,0,525.4319009578505,2
CUST_1349,32,Female,Electronics,Tablet,Cash on Delivery,12,0,968.7716322111111,5
CUST_1350,38,Male,Fashion,Desktop,Debit Card,10,1,661.9524772572906,3
CUST_1351,49,Male,Sports,Mobile App,Cash on Delivery,11,1,508.12107956783717,4
CUST_1352,43,Male,Beauty,Desktop,Debit Card,9,1,524.3079084194277,3
CUST_1353,33,Male,Home & Kitchen,Mobile App,Credit Card,5,1,457.0929439419411,3
CUST_1354,34,Female,Fashion,Mobile App,UPI,6,0,412.6350956806491,1
CUST_1355,24,Female,Home & Kitchen,Mobile App,UPI,8,1,412.7242610426641,2
CUST_1356,34,Male,Fashion,Desktop,Credit Card,6,1,546.6578606547986,1
CUST_1357,32,Male,Fashion,Desktop,UPI,10,1,679.21594811525,3
CUST_1358,38,Female,Electronics,Mobile App,UPI,10,0,767.2988163041119,2
CUST_1359,26,Male,Beauty,Mobile App,Credit Card,7,1,443.20683239808716,3
CUST_1360,40,Female,Fashion,Mobile App,Debit Card,8,1,648.6527121112589,2
CUST_1361,50,Female,Electronics,Mobile App,UPI,12,0,874.09981946845,4
CUST_1362,33,Female,Fashion,Mobile App,Cash on Delivery,8,1,578.8395383424743,1
CUST_1363,39,Female,Fashion,Mobile App,Credit Card,8,0,625.341450195543,2
CUST_1364,41,Female,Beauty,Desktop,Credit Card,12,1,613.7691070857483,2
CUST_1365,30,Male,Home & Kitchen,Mobile App,UPI,5,1,418.5514136526878,3
CUST_1366,37,Female,Beauty,Mobile App,Credit Card,6,1,511.6043807090611,2
CUST_1367,35,Female,Electronics,Mobile App,UPI,9,1,706.4234819122203,3
CUST_1368,35,Male,Fashion,Tablet,Debit Card,8,0,514.998468032957,1
CUST_1369,27,Female,Fashion,Desktop,Credit Card,13,1,812.3031543214026,5
CUST_1370,35,Female,Electronics,Desktop,UPI,5,1,522.8697286183259,4
CUST_1371,39,Female,Electronics,Mobile App,UPI,8,0,641.8453512627877,1
CUST_1372,49,Female,Beauty,Mobile App,Credit Card,4,1,187.04765378056948,4
CUST_1373,44,Female,Electronics,Mobile App,Cash on Delivery,3,1,497.06486514568746,4
CUST_1374,56,Female,Fashion,Desktop,Debit Card,13,0,788.020581830365,1
CUST_1375,27,Female,Electronics,Tablet,UPI,6,0,608.958220651466,2
CUST_1376,43,Female,Electronics,Desktop,UPI,7,0,763.4199910119303,2
CUST_1377,36,Female,Electronics,Desktop,UPI,10,1,878.953236022767,4
CUST_1378,56,Female,Sports,Desktop,Cash on Delivery,7,1,545.7306378413055,3
CUST_1379,26,Female,Beauty,Mobile App,UPI,8,1,472.7917079560225,3
CUST_1380,26,Male,Sports,Tablet,UPI,8,1,541.0291435106466,3
CUST_1381,29,Female,Fashion,Mobile App,Debit Card,7,1,568.5311589272292,1
CUST_1382,18,Female,Electronics,Mobile App,Credit Card,8,1,732.5029387511772,4
CUST_1383,29,Male,Fashion,Mobile App,Debit Card,8,0,561.9568354822723,3
CUST_1384,27,Female,Fashion,Mobile App,Credit Card,9,1,494.21119255469137,3
CUST_1385,36,Male,Beauty,Mobile App,Credit Card,6,1,428.23748730083935,4
CUST_1386,38,Male,Electronics,Mobile App,Credit Card,8,1,789.2481741916814,3
CUST_1387,53,Female,Fashion,Mobile App,Cash on Delivery,11,1,618.462924302105,2
CUST_1388,44,Male,Electronics,Mobile App,Debit Card,12,1,879.4180802690435,4
CUST_1389,29,Female,Fashion,Mobile App,UPI,7,1,609.4988301048742,3
CUST_1390,26,Female,Home & Kitchen,Mobile App,UPI,9,0,488.4300734012749,1
CUST_1391,39,Female,Fashion,Mobile App,UPI,6,1,581.5862203999361,4
CUST_1392,21,Male,Fashion,Mobile App,Cash on Delivery,9,0,621.5830179985579,1
CUST_1393,53,Male,Fashion,Desktop,UPI,5,1,438.49048815810437,3
CUST_1394,46,Female,Fashion,Desktop,Credit Card,13,0,865.017214776474,5
CUST_1395,30,Female,Beauty,Desktop,Credit Card,12,0,573.9747758315941,1
CUST_1396,18,Female,Beauty,Desktop,Debit Card,8,0,426.5057580905124,4
CUST_1397,48,Male,Sports,Mobile App,UPI,8,1,416.26724691696165,4
CUST_1398,33,Female,Beauty,Desktop,Credit Card,5,0,281.4442838307642,3
CUST_1399,47,Female,Fashion,Mobile App,Credit Card,9,1,639.1820350424633,2
CUST_1400,19,Female,Home & Kitchen,Mobile App,Debit Card,3,1,239.22392389328985,1
CUST_1401,29,Male,Fashion,Desktop,Credit Card,8,0,619.3167857849875,2
CUST_1402,35,Female,Electronics,Mobile App,UPI,10,0,695.9215798681086,2
CUST_1403,35,Female,Beauty,Desktop,Cash on Delivery,8,1,402.64711456973504,3
CUST_1404,30,Female,Electronics,Desktop,UPI,13,1,923.0947453715822,5
CUST_1405,41,Male,Sports,Desktop,Credit Card,3,1,358.180835832223,3
CUST_1406,24,Female,Fashion,Tablet,UPI,9,1,652.7101289350512,4
CUST_1407,33,Female,Home & Kitchen,Mobile App,Debit Card,4,0,274.63656430897345,3
CUST_1408,36,Male,Home & Kitchen,Mobile App,UPI,12,0,540.6281187971822,3
CUST_1409,40,Female,Beauty,Mobile App,Cash on Delivery,8,0,431.1292370956344,4
CUST_1410,42,Female,Home & Kitchen,Mobile App,Credit Card,6,1,387.45095264743077,3
CUST_1411,23,Male,Home & Kitchen,Desktop,UPI,8,1,328.5384863574146,4
CUST_1412,19,Male,Electronics,Desktop,UPI,8,1,647.1977957851251,2
CUST_1413,47,Female,Fashion,Desktop,Debit Card,7,0,505.74664212118165,1
CUST_1414,38,Male,Electronics,Mobile App,Credit Card,9,0,744.5554835689023,4
CUST_1415,27,Female,Home & Kitchen,Mobile App,Debit Card,9,0,506.73981121507774,3
CUST_1416,50,Male,Fashion,Mobile App,UPI,6,1,473.3479333075719,4
CUST_1417,36,Female,Home & Kitchen,Mobile App,Credit Card,5,0,380.352390932175,4
CUST_1418,46,Male,Electronics,Desktop,Credit Card,7,1,687.4824141818278,1
CUST_1419,35,Female,Electronics,Mobile App,Debit Card,8,1,697.7962029296892,3
CUST_1420,55,Female,Home & Kitchen,Mobile App,Credit Card,8,1,508.6265228562759,2
CUST_1421,52,Female,Electronics,Mobile App,Credit Card,7,1,713.716436990608,3
CUST_1422,32,Female,Electronics,Desktop,Credit Card,8,1,632.7720869552236,3
CUST_1423,44,Male,Electronics,Desktop,Debit Card,5,1,598.0783458504814,2
CUST_1424,41,Female,Sports,Mobile App,UPI,12,1,683.4156318880321,3
CUST_1425,48,Male,Home & Kitchen,Mobile App,Debit Card,7,1,493.4493567581307,3
CUST_1426,25,Male,Fashion,Mobile App,Credit Card,10,1,692.2545274381172,1
CUST_1427,41,Male,Electronics,Mobile App,UPI,5,1,586.0026862952163,4
CUST_1428,45,Female,Fashion,Desktop,UPI,8,1,615.2791876539461,3
CUST_1429,18,Female,Beauty,Desktop,Debit Card,6,1,438.466405877507,4
CUST_1430,23,Female,Home & Kitchen,Mobile App,Cash on Delivery,6,1,396.94991694057387,2
CUST_1431,18,Male,Electronics,Mobile App,Credit Card,11,1,853.7162487347052,5
CUST_1432,32,Male,Electronics,Tablet,UPI,10,0,785.0118107398808,3
CUST_1433,42,Female,Electronics,Mobile App,Credit Card,9,0,679.7928879349793,1
CUST_1434,50,Male,Home & Kitchen,Desktop,UPI,9,1,499.5381527848707,4
CUST_1435,35,Male,Beauty,Mobile App,Credit Card,9,1,469.37316324716795,1
CUST_1436,51,Male,Electronics,Mobile App,Credit Card,5,1,559.5647173402175,3
CUST_1437,21,Female,Electronics,Mobile App,Credit Card,11,1,926.0300693496094,5
CUST_1438,18,Female,Electronics,Mobile App,UPI,7,1,737.09344266383,2
CUST_1439,34,Male,Sports,Tablet,Credit Card,6,1,288.39005454989564,1
CUST_1440,38,Male,Electronics,Mobile App,UPI,5,0,534.9072734234196,3
CUST_1441,34,Female,Beauty,Mobile App,UPI,10,1,528.1862773268459,3
CUST_1442,18,Female,Home & Kitchen,Mobile App,Credit Card,8,1,431.5620661918423,2
CUST_1443,34,Male,Fashion,Mobile App,Debit Card,10,0,689.0450964102274,4
CUST_1444,21,Female,Electronics,Mobile App,Credit Card,9,1,685.3848953315679,2
CUST_1445,41,Male,Electronics,Mobile App,UPI,10,1,857.5119176779169,5
CUST_1446,38,Male,Home & Kitchen,Desktop,UPI,9,0,507.3596673034905,3
CUST_1447,25,Female,Beauty,Mobile App,Credit Card,9,0,489.56927731732935,1
CUST_1448,29,Male,Home & Kitchen,Mobile App,Credit Card,11,1,589.1408334370536,4
CUST_1449,24,Female,Fashion,Tablet,Credit Card,10,1,644.9495155890982,2
CUST_1450,34,Male,Electronics,Mobile App,Cash on Delivery,7,0,558.1614457564337,1
CUST_1451,44,Male,Sports,Tablet,UPI,9,0,510.71555884628856,2
CUST_1452,25,Female,Beauty,Mobile App,UPI,9,1,490.7552166819265,3
CUST_1453,40,Male,Electronics,Desktop,UPI,2,1,422.7325792408348,3
CUST_1454,29,Female,Sports,Desktop,Credit Card,11,1,655.8457898849949,3
CUST_1455,27,Male,Home & Kitchen,Desktop,UPI,9,0,550.1662808035936,1
CUST_1456,33,Male,Home & Kitchen,Tablet,Debit Card,5,1,496.33140239475506,2
CUST_1457,24,Male,Home & Kitchen,Mobile App,Credit Card,2,1,280.0897100715472,4
CUST_1458,29,Female,Beauty,Tablet,Credit Card,6,0,351.3938959781834,1
CUST_1459,23,Male,Home & Kitchen,Mobile App,Credit Card,6,1,335.6526372838928,4
CUST_1460,54,Female,Electronics,Mobile App,UPI,6,1,610.3416639228187,1
CUST_1461,35,Male,Fashion,Mobile App,Cash on Delivery,8,1,550.0022830592814,4
CUST_1462,28,Female,Sports,Mobile App,Credit Card,7,1,436.52700183123795,2
CUST_1463,37,Male,Electronics,Mobile App,UPI,7,0,587.67215737046,3
CUST_1464,33,Female,Fashion,Mobile App,Credit Card,6,1,548.8371938427618,2
CUST_1465,32,Female,Fashion,Mobile App,Cash on Delivery,8,1,595.4717821622856,1
CUST_1466,41,Female,Fashion,Desktop,Credit Card,9,1,661.9478584673218,2
CUST_1467,42,Female,Home & Kitchen,Desktop,UPI,8,0,401.35121137834864,1
CUST_1468,29,Female,Sports,Mobile App,UPI,7,1,444.8013262201634,2
CUST_1469,29,Female,Electronics,Mobile App,UPI,12,0,957.9505948521781,5
CUST_1470,32,Male,Electronics,Mobile App,UPI,8,1,668.369564933987,3
CUST_1471,18,Male,Electronics,Mobile App,Credit Card,6,0,586.7286575513676,3
CUST_1472,19,Female,Beauty,Mobile App,Credit Card,9,1,552.7174480030359,3
CUST_1473,48,Female,Home & Kitchen,Mobile App,Credit Card,7,0,371.856936907745,3
CUST_1474,51,Female,Electronics,Mobile App,Credit Card,8,0,706.0029610105638,3
CUST_1475,32,Female,Beauty,Tablet,UPI,9,1,598.5439607395407,3
CUST_1476,40,Male,Beauty,Mobile App,Credit Card,7,1,377.5798664846425,3
CUST_1477,38,Male,Beauty,Mobile App,Credit Card,7,1,522.6665259324559,4
CUST_1478,65,Female,Sports,Mobile App,UPI,6,1,369.8530954827521,2
CUST_1479,46,Male,Electronics,Mobile App,Cash on Delivery,7,0,612.727920389669,1
CUST_1480,33,Male,Beauty,Mobile App,UPI,10,1,586.2222493073576,3
CUST_1481,25,Female,Fashion,Desktop,Credit Card,10,1,676.4648880775641,2
CUST_1482,18,Male,Beauty,Mobile App,Credit Card,7,0,430.7908156532014,4
CUST_1483,37,Female,Home & Kitchen,Mobile App,Cash on Delivery,10,1,503.87690436889807,4
CUST_1484,27,Male,Beauty,Tablet,Credit Card,6,1,396.02717702712687,1
CUST_1485,20,Female,Home & Kitchen,Desktop,Credit Card,8,1,345.942166754699,1
CUST_1486,28,Male,Electronics,Desktop,UPI,7,1,693.1258842070863,3
CUST_1487,24,Male,Fashion,Mobile App,UPI,7,1,627.8349520111632,3
CUST_1488,51,Male,Sports,Desktop,UPI,8,0,364.0742781484576,2
CUST_1489,43,Male,Sports,Mobile App,Credit Card,9,0,485.5934870223666,3
CUST_1490,34,Male,Electronics,Mobile App,Credit Card,9,1,707.5216111511168,3
CUST_1491,49,Male,Electronics,Mobile App,Cash on Delivery,10,0,709.3367579652281,2
CUST_1492,35,Female,Electronics,Mobile App,Credit Card,7,0,556.8275347790459,1
CUST_1493,26,Male,Home & Kitchen,Mobile App,UPI,4,1,239.14984498047187,3
CUST_1494,50,Female,Beauty,Mobile App,UPI,6,1,375.4574030768156,2
CUST_1495,40,Female,Electronics,Tablet,UPI,7,0,748.948222908112,4
CUST_1496,24,Female,Fashion,Tablet,Credit Card,6,1,418.63712941256966,3
CUST_1497,33,Male,Beauty,Desktop,Credit Card,10,1,567.6635655481724,3
CUST_1498,26,Female,Home & Kitchen,Mobile App,UPI,7,0,443.1784951970209,4
CUST_1499,21,Male,Fashion,Desktop,Debit Card,15,1,970.3177776043965,5
CUST_1500,44,Male,Home & Kitchen,Mobile App,Cash on Delivery,5,1,384.26188786382886,2
CUST_1501,54,Female,Fashion,Desktop,Credit Card,5,1,507.7159695818227,2
CUST_1502,21,Male,Electronics,Mobile App,Credit Card,6,1,681.958023983074,3
CUST_1503,40,Female,Home & Kitchen,Desktop,Cash on Delivery,8,0,414.54607908084836,3
CUST_1504,28,Female,Home & Kitchen,Mobile App,UPI,13,1,635.6306485851735,2
CUST_1505,30,Female,Beauty,Desktop,Debit Card,8,1,537.0120897362443,4
CUST_1506,29,Female,Home & Kitchen,Tablet,Credit Card,6,1,266.9520086403511,2
CUST_1507,26,Male,Beauty,Mobile App,UPI,13,1,629.0613356675722,1
CUST_1508,35,Male,Electronics,Mobile App,UPI,5,1,520.15144428828,1
CUST_1509,26,Female,Fashion,Tablet,UPI,7,0,564.0546425223563,3
CUST_1510,37,Male,Electronics,Mobile App,UPI,6,0,614.7034848813328,3
CUST_1511,34,Male,Electronics,Desktop,Credit Card,6,0,677.558228499323,2
CUST_1512,32,Male,Home & Kitchen,Mobile App,UPI,7,1,423.46029035731715,2
CUST_1513,25,Male,Sports,Mobile App,Credit Card,8,0,377.23446078177966,2
CUST_1514,29,Male,Electronics,Mobile App,UPI,6,1,550.007941644249,3
CUST_1515,42,Male,Fashion,Mobile App,Cash on Delivery,9,0,629.6370888816549,1
CUST_1516,40,Female,Beauty,Desktop,Credit Card,7,1,383.73190196598233,4
CUST_1517,25,Female,Electronics,Mobile App,Debit Card,6,0,608.0419688333591,2
CUST_1518,35,Female,Home & Kitchen,Mobile App,Credit Card,6,1,446.3049253073468,4
CUST_1519,42,Male,Home & Kitchen,Mobile App,UPI,6,1,435.5419606120331,2
CUST_1520,18,Male,Home & Kitchen,Mobile App,Cash on Delivery,5,1,457.86403043464145,3
CUST_1521,40,Male,Electronics,Desktop,Credit Card,7,1,661.0198673155961,2
CUST_1522,28,Female,Fashion,Tablet,Credit Card,4,1,391.531201932828,1
CUST_1523,40,Female,Beauty,Mobile App,UPI,12,1,655.0913378657345,4
CUST_1524,27,Male,Home & Kitchen,Desktop,Credit Card,6,0,356.3523318456015,4
CUST_1525,18,Female,Electronics,Desktop,UPI,10,0,768.3163332184557,3
CUST_1526,18,Male,Beauty,Mobile App,Cash on Delivery,4,1,297.87390436408987,3
CUST_1527,35,Female,Electronics,Tablet,UPI,8,1,819.1649373490127,4
CUST_1528,37,Female,Home & Kitchen,Mobile App,Credit Card,2,1,272.2379483077176,4
CUST_1529,25,Female,Electronics,Mobile App,UPI,6,0,688.529224136671,2
CUST_1530,41,Female,Sports,Desktop,UPI,9,1,606.4712602084948,3
CUST_1531,18,Female,Fashion,Mobile App,Credit Card,6,0,564.1519776045195,3
CUST_1532,34,Male,Fashion,Desktop,UPI,10,0,602.1156633918978,2
CUST_1533,22,Female,Electronics,Desktop,UPI,6,0,693.242941848468,4
CUST_1534,28,Male,Fashion,Mobile App,UPI,8,0,650.8552914269154,2
CUST_1535,35,Female,Beauty,Desktop,Credit Card,3,0,309.11189116158573,1
CUST_1536,26,Female,Sports,Mobile App,UPI,5,1,338.2734875724269,3
CUST_1537,31,Female,Fashion,Mobile App,Credit Card,11,0,742.7799023601051,3
CUST_1538,45,Male,Fashion,Desktop,Credit Card,9,1,628.7856167221412,2
CUST_1539,29,Female,Home & Kitchen,Tablet,Debit Card,7,0,371.314697425093,2
CUST_1540,43,Female,Beauty,Mobile App,UPI,8,1,426.22198127989054,4
CUST_1541,23,Female,Home & Kitchen,Mobile App,Credit Card,4,1,352.2233691339569,2
CUST_1542,40,Male,Fashion,Desktop,Credit Card,12,0,695.6507892346294,3
CUST_1543,49,Male,Fashion,Desktop,Credit Card,11,1,661.3067873914241,3
CUST_1544,18,Male,Home & Kitchen,Desktop,Credit Card,6,1,435.2030675990816,3
CUST_1545,27,Male,Electronics,Mobile App,Credit Card,9,1,768.0273437719063,4
CUST_1546,40,Female,Home & Kitchen,Mobile App,Credit Card,14,0,744.6315990312637,3
CUST_1547,32,Male,Fashion,Mobile App,UPI,8,1,516.2589238068089,3
CUST_1548,38,Female,Beauty,Desktop,UPI,8,1,502.9657704461458,3
CUST_1549,28,Male,Electronics,Mobile App,UPI,6,0,600.3983110653554,3
CUST_1550,35,Male,Home & Kitchen,Mobile App,UPI,8,1,408.9869608671293,3
CUST_1551,33,Female,Fashion,Tablet,Credit Card,6,1,479.6793064679822,4
CUST_1552,46,Female,Home & Kitchen,Mobile App,Cash on Delivery,11,1,671.7238974156487,2
CUST_1553,37,Female,Electronics,Tablet,Debit Card,5,1,578.1327519030635,2
CUST_1554,38,Female,Home & Kitchen,Desktop,Debit Card,12,1,762.0834427372761,2
CUST_1555,30,Female,Home & Kitchen,Desktop,Debit Card,9,0,386.2693137151112,1
CUST_1556,30,Male,Home & Kitchen,Mobile App,Cash on Delivery,11,1,497.22332486111526,1
CUST_1557,30,Female,Home & Kitchen,Mobile App,UPI,6,1,469.45111422873345,4
CUST_1558,38,Female,Home & Kitchen,Desktop,Credit Card,9,0,604.5362735493441,3
CUST_1559,30,Female,Beauty,Desktop,UPI,9,0,458.1925657686964,3
CUST_1560,37,Male,Electronics,Desktop,UPI,9,0,764.1336170033712,3
CUST_1561,55,Female,Beauty,Mobile App,UPI,9,1,552.7313951101966,4
CUST_1562,43,Male,Fashion,Desktop,UPI,7,0,536.2374587581147,3
CUST_1563,31,Male,Electronics,Desktop,Credit Card,5,1,608.9920254832666,4
CUST_1564,47,Male,Electronics,Desktop,Credit Card,2,0,480.6559807945914,2
CUST_1565,30,Male,Fashion,Desktop,Cash on Delivery,9,1,541.1131812208325,4
CUST_1566,18,Female,Beauty,Desktop,UPI,6,1,369.32032284227887,3
CUST_1567,24,Female,Home & Kitchen,Desktop,UPI,7,1,430.74190570819195,2
CUST_1568,18,Female,Beauty,Mobile App,Credit Card,4,1,316.1873100464834,3
CUST_1569,31,Male,Fashion,Mobile App,Credit Card,9,1,526.1696334828546,3
CUST_1570,35,Male,Fashion,Mobile App,Debit Card,8,1,635.2216339732406,1
CUST_1571,51,Male,Electronics,Mobile App,UPI,10,0,807.7696191737657,4
CUST_1572,38,Female,Fashion,Mobile App,Debit Card,9,0,566.6768267194959,2
CUST_1573,32,Male,Fashion,Mobile App,UPI,9,1,737.9438540414192,1
CUST_1574,43,Female,Electronics,Mobile App,UPI,2,1,459.20492510287085,4
CUST_1575,18,Female,Electronics,Mobile App,Credit Card,6,1,623.1011570647041,3
CUST_1576,37,Male,Home & Kitchen,Desktop,UPI,7,0,468.5025547114796,4
CUST_1577,42,Female,Home & Kitchen,Tablet,UPI,7,0,543.0400682541915,3
CUST_1578,20,Female,Sports,Mobile App,UPI,9,0,550.8623757626713,2
CUST_1579,46,Female,Sports,Tablet,UPI,6,1,439.5665902016322,3
CUST_1580,38,Female,Home & Kitchen,Mobile App,Cash on Delivery,6,1,329.9026880705761,3
CUST_1581,30,Male,Fashion,Mobile App,Credit Card,10,1,675.2175821222302,4
CUST_1582,41,Male,Home & Kitchen,Mobile App,Debit Card,10,1,518.0642964297055,2
CUST_1583,57,Female,Beauty,Mobile App,Credit Card,12,1,672.2477908829566,4
CUST_1584,36,Female,Electronics,Desktop,UPI,8,1,767.8179477305955,4
CUST_1585,37,Male,Fashion,Desktop,Credit Card,5,0,567.9937709911965,3
CUST_1586,30,Female,Beauty,Mobile App,Credit Card,8,1,340.49948498665213,4
CUST_1587,26,Female,Fashion,Mobile App,UPI,8,0,552.1653102610207,2
CUST_1588,43,Female,Home & Kitchen,Mobile App,Credit Card,8,0,548.0149366551225,4
CUST_1589,26,Male,Home & Kitchen,Mobile App,UPI,14,1,625.9082091840489,3
CUST_1590,35,Female,Electronics,Mobile App,Cash on Delivery,2,1,528.3390619736203,1
CUST_1591,30,Female,Fashion,Mobile App,Credit Card,7,1,618.040030048885,4
CUST_1592,39,Male,Fashion,Desktop,Debit Card,7,1,548.2996092780124,3
CUST_1593,38,Male,Electronics,Tablet,UPI,5,1,514.7121187706084,3
CUST_1594,45,Female,Electronics,Mobile App,UPI,7,1,672.7088193079858,3
CUST_1595,29,Male,Beauty,Tablet,Credit Card,8,1,557.5208802475233,1
CUST_1596,32,Female,Electronics,Mobile App,Credit Card,8,1,812.341042515325,5
CUST_1597,25,Female,Fashion,Mobile App,Credit Card,12,1,762.4728226066615,4
CUST_1598,30,Male,Electronics,Mobile App,Credit Card,4,0,501.36573867711434,1
CUST_1599,38,Female,Sports,Desktop,Credit Card,6,0,494.30383164296467,2
